vendor,name,old,new,bump,old_path,new_path,gus_old_sub_new,gus_old_sub_new_rules,gus_new_sub_old,gus_new_sub_old_rules,error
com.amazon.aws.cloudfront,wd_access_log,1-0-0,1-0-1,ADDITION,schemas/com.amazon.aws.cloudfront/wd_access_log/jsonschema/1-0-0,schemas/com.amazon.aws.cloudfront/wd_access_log/jsonschema/1-0-1,true,,false,REQ.4,
com.amazon.aws.cloudfront,wd_access_log,1-0-1,1-0-2,ADDITION,schemas/com.amazon.aws.cloudfront/wd_access_log/jsonschema/1-0-1,schemas/com.amazon.aws.cloudfront/wd_access_log/jsonschema/1-0-2,true,,false,REQ.4,
com.amazon.aws.cloudfront,wd_access_log,1-0-2,1-0-3,ADDITION,schemas/com.amazon.aws.cloudfront/wd_access_log/jsonschema/1-0-2,schemas/com.amazon.aws.cloudfront/wd_access_log/jsonschema/1-0-3,true,,false,REQ.4,
com.amazon.aws.cloudfront,wd_access_log,1-0-3,1-0-4,ADDITION,schemas/com.amazon.aws.cloudfront/wd_access_log/jsonschema/1-0-3,schemas/com.amazon.aws.cloudfront/wd_access_log/jsonschema/1-0-4,true,,false,REQ.4,
com.amazon.aws.cloudfront,wd_access_log,1-0-4,1-0-5,ADDITION,schemas/com.amazon.aws.cloudfront/wd_access_log/jsonschema/1-0-4,schemas/com.amazon.aws.cloudfront/wd_access_log/jsonschema/1-0-5,true,,false,REQ.4,
com.amazon.aws.cloudfront,wd_access_log,1-0-5,1-0-6,ADDITION,schemas/com.amazon.aws.cloudfront/wd_access_log/jsonschema/1-0-5,schemas/com.amazon.aws.cloudfront/wd_access_log/jsonschema/1-0-6,true,,false,REQ.4,
com.apple,notification_event,1-0-0,1-0-1,ADDITION,schemas/com.apple/notification_event/jsonschema/1-0-0,schemas/com.apple/notification_event/jsonschema/1-0-1,,,,,"property ""notification"": property ""userInfo"": property ""aps"": property ""alert"": object mixing named properties with an additionalProperties schema is not supported"
com.callrail,call_complete,1-0-0,1-0-1,ADDITION,schemas/com.callrail/call_complete/jsonschema/1-0-0,schemas/com.callrail/call_complete/jsonschema/1-0-1,true,,false,REQ.4,
com.callrail,call_complete,1-0-1,1-0-2,ADDITION,schemas/com.callrail/call_complete/jsonschema/1-0-1,schemas/com.callrail/call_complete/jsonschema/1-0-2,true,,false,REQ.4,
com.iterable,system_webhook,1-0-0,1-0-1,ADDITION,schemas/com.iterable/system_webhook/jsonschema/1-0-0,schemas/com.iterable/system_webhook/jsonschema/1-0-1,true,,true,,
com.iterable,system_webhook,1-0-1,2-0-0,MODEL,schemas/com.iterable/system_webhook/jsonschema/1-0-1,schemas/com.iterable/system_webhook/jsonschema/2-0-0,true,,false,REQ.2|nullable-request-narrowing,
com.iterable,system_webhook,2-0-0,2-0-1,ADDITION,schemas/com.iterable/system_webhook/jsonschema/2-0-0,schemas/com.iterable/system_webhook/jsonschema/2-0-1,true,,true,,
com.mandrill,message_bounced,1-0-0,1-0-1,ADDITION,schemas/com.mandrill/message_bounced/jsonschema/1-0-0,schemas/com.mandrill/message_bounced/jsonschema/1-0-1,true,,false,REQ.4,
com.mandrill,message_bounced,1-0-1,1-0-2,ADDITION,schemas/com.mandrill/message_bounced/jsonschema/1-0-1,schemas/com.mandrill/message_bounced/jsonschema/1-0-2,true,,true,,
com.mandrill,message_clicked,1-0-0,1-0-1,ADDITION,schemas/com.mandrill/message_clicked/jsonschema/1-0-0,schemas/com.mandrill/message_clicked/jsonschema/1-0-1,true,,false,REQ.4|nullable-request-narrowing,
com.mandrill,message_clicked,1-0-1,1-0-2,ADDITION,schemas/com.mandrill/message_clicked/jsonschema/1-0-1,schemas/com.mandrill/message_clicked/jsonschema/1-0-2,true,,false,REQ.4|nullable-request-narrowing,
com.mandrill,message_delayed,1-0-0,1-0-1,ADDITION,schemas/com.mandrill/message_delayed/jsonschema/1-0-0,schemas/com.mandrill/message_delayed/jsonschema/1-0-1,true,,false,REQ.4,
com.mandrill,message_delayed,1-0-1,1-0-2,ADDITION,schemas/com.mandrill/message_delayed/jsonschema/1-0-1,schemas/com.mandrill/message_delayed/jsonschema/1-0-2,true,,true,,
com.mandrill,message_marked_as_spam,1-0-0,1-0-1,ADDITION,schemas/com.mandrill/message_marked_as_spam/jsonschema/1-0-0,schemas/com.mandrill/message_marked_as_spam/jsonschema/1-0-1,true,,false,REQ.4,
com.mandrill,message_marked_as_spam,1-0-1,1-0-2,ADDITION,schemas/com.mandrill/message_marked_as_spam/jsonschema/1-0-1,schemas/com.mandrill/message_marked_as_spam/jsonschema/1-0-2,true,,true,,
com.mandrill,message_opened,1-0-0,1-0-1,ADDITION,schemas/com.mandrill/message_opened/jsonschema/1-0-0,schemas/com.mandrill/message_opened/jsonschema/1-0-1,true,,false,REQ.4|nullable-request-narrowing,
com.mandrill,message_opened,1-0-1,1-0-2,ADDITION,schemas/com.mandrill/message_opened/jsonschema/1-0-1,schemas/com.mandrill/message_opened/jsonschema/1-0-2,true,,false,REQ.4|nullable-request-narrowing,
com.mandrill,message_opened,1-0-2,1-0-3,ADDITION,schemas/com.mandrill/message_opened/jsonschema/1-0-2,schemas/com.mandrill/message_opened/jsonschema/1-0-3,true,,false,nullable-request-narrowing,
com.mandrill,message_rejected,1-0-0,1-0-1,ADDITION,schemas/com.mandrill/message_rejected/jsonschema/1-0-0,schemas/com.mandrill/message_rejected/jsonschema/1-0-1,true,,true,,
com.mandrill,message_sent,1-0-0,1-0-1,ADDITION,schemas/com.mandrill/message_sent/jsonschema/1-0-0,schemas/com.mandrill/message_sent/jsonschema/1-0-1,true,,true,,
com.mandrill,message_soft_bounced,1-0-0,1-0-1,ADDITION,schemas/com.mandrill/message_soft_bounced/jsonschema/1-0-0,schemas/com.mandrill/message_soft_bounced/jsonschema/1-0-1,true,,false,REQ.4,
com.mandrill,message_soft_bounced,1-0-1,1-0-2,ADDITION,schemas/com.mandrill/message_soft_bounced/jsonschema/1-0-1,schemas/com.mandrill/message_soft_bounced/jsonschema/1-0-2,true,,true,,
com.mandrill,recipient_unsubscribed,1-0-0,1-0-1,ADDITION,schemas/com.mandrill/recipient_unsubscribed/jsonschema/1-0-0,schemas/com.mandrill/recipient_unsubscribed/jsonschema/1-0-1,true,,false,REQ.4,
com.mandrill,recipient_unsubscribed,1-0-1,1-0-2,ADDITION,schemas/com.mandrill/recipient_unsubscribed/jsonschema/1-0-1,schemas/com.mandrill/recipient_unsubscribed/jsonschema/1-0-2,true,,true,,
com.marketo,event,1-0-0,2-0-0,MODEL,schemas/com.marketo/event/jsonschema/1-0-0,schemas/com.marketo/event/jsonschema/2-0-0,true,,true,,
com.optimizely.optimizelyx,summary,1-0-0,1-1-0,REVISION,schemas/com.optimizely.optimizelyx/summary/jsonschema/1-0-0,schemas/com.optimizely.optimizelyx/summary/jsonschema/1-1-0,true,,true,,
com.sendgrid,bounce,1-0-0,2-0-0,MODEL,schemas/com.sendgrid/bounce/jsonschema/1-0-0,schemas/com.sendgrid/bounce/jsonschema/2-0-0,true,,true,,
com.sendgrid,bounce,2-0-0,3-0-0,MODEL,schemas/com.sendgrid/bounce/jsonschema/2-0-0,schemas/com.sendgrid/bounce/jsonschema/3-0-0,true,,true,,
com.sendgrid,click,1-0-0,2-0-0,MODEL,schemas/com.sendgrid/click/jsonschema/1-0-0,schemas/com.sendgrid/click/jsonschema/2-0-0,true,,true,,
com.sendgrid,click,2-0-0,3-0-0,MODEL,schemas/com.sendgrid/click/jsonschema/2-0-0,schemas/com.sendgrid/click/jsonschema/3-0-0,true,,true,,
com.sendgrid,deferred,1-0-0,2-0-0,MODEL,schemas/com.sendgrid/deferred/jsonschema/1-0-0,schemas/com.sendgrid/deferred/jsonschema/2-0-0,true,,true,,
com.sendgrid,deferred,2-0-0,3-0-0,MODEL,schemas/com.sendgrid/deferred/jsonschema/2-0-0,schemas/com.sendgrid/deferred/jsonschema/3-0-0,true,,true,,
com.sendgrid,delivered,1-0-0,2-0-0,MODEL,schemas/com.sendgrid/delivered/jsonschema/1-0-0,schemas/com.sendgrid/delivered/jsonschema/2-0-0,true,,true,,
com.sendgrid,delivered,2-0-0,3-0-0,MODEL,schemas/com.sendgrid/delivered/jsonschema/2-0-0,schemas/com.sendgrid/delivered/jsonschema/3-0-0,true,,true,,
com.sendgrid,dropped,1-0-0,2-0-0,MODEL,schemas/com.sendgrid/dropped/jsonschema/1-0-0,schemas/com.sendgrid/dropped/jsonschema/2-0-0,true,,true,,
com.sendgrid,dropped,2-0-0,3-0-0,MODEL,schemas/com.sendgrid/dropped/jsonschema/2-0-0,schemas/com.sendgrid/dropped/jsonschema/3-0-0,true,,true,,
com.sendgrid,group_resubscribe,1-0-0,2-0-0,MODEL,schemas/com.sendgrid/group_resubscribe/jsonschema/1-0-0,schemas/com.sendgrid/group_resubscribe/jsonschema/2-0-0,true,,true,,
com.sendgrid,group_resubscribe,2-0-0,3-0-0,MODEL,schemas/com.sendgrid/group_resubscribe/jsonschema/2-0-0,schemas/com.sendgrid/group_resubscribe/jsonschema/3-0-0,true,,true,,
com.sendgrid,group_unsubscribe,1-0-0,2-0-0,MODEL,schemas/com.sendgrid/group_unsubscribe/jsonschema/1-0-0,schemas/com.sendgrid/group_unsubscribe/jsonschema/2-0-0,true,,true,,
com.sendgrid,group_unsubscribe,2-0-0,3-0-0,MODEL,schemas/com.sendgrid/group_unsubscribe/jsonschema/2-0-0,schemas/com.sendgrid/group_unsubscribe/jsonschema/3-0-0,true,,true,,
com.sendgrid,open,1-0-0,2-0-0,MODEL,schemas/com.sendgrid/open/jsonschema/1-0-0,schemas/com.sendgrid/open/jsonschema/2-0-0,true,,true,,
com.sendgrid,open,2-0-0,3-0-0,MODEL,schemas/com.sendgrid/open/jsonschema/2-0-0,schemas/com.sendgrid/open/jsonschema/3-0-0,true,,true,,
com.sendgrid,processed,1-0-0,2-0-0,MODEL,schemas/com.sendgrid/processed/jsonschema/1-0-0,schemas/com.sendgrid/processed/jsonschema/2-0-0,true,,true,,
com.sendgrid,processed,2-0-0,3-0-0,MODEL,schemas/com.sendgrid/processed/jsonschema/2-0-0,schemas/com.sendgrid/processed/jsonschema/3-0-0,true,,true,,
com.sendgrid,spamreport,1-0-0,2-0-0,MODEL,schemas/com.sendgrid/spamreport/jsonschema/1-0-0,schemas/com.sendgrid/spamreport/jsonschema/2-0-0,true,,true,,
com.sendgrid,spamreport,2-0-0,3-0-0,MODEL,schemas/com.sendgrid/spamreport/jsonschema/2-0-0,schemas/com.sendgrid/spamreport/jsonschema/3-0-0,true,,true,,
com.sendgrid,unsubscribe,1-0-0,2-0-0,MODEL,schemas/com.sendgrid/unsubscribe/jsonschema/1-0-0,schemas/com.sendgrid/unsubscribe/jsonschema/2-0-0,true,,true,,
com.sendgrid,unsubscribe,2-0-0,3-0-0,MODEL,schemas/com.sendgrid/unsubscribe/jsonschema/2-0-0,schemas/com.sendgrid/unsubscribe/jsonschema/3-0-0,true,,true,,
com.snowplowanalytics.accelerators.travel,schedule_update,1-0-0,1-0-1,ADDITION,schemas/com.snowplowanalytics.accelerators.travel/schedule_update/jsonschema/1-0-0,schemas/com.snowplowanalytics.accelerators.travel/schedule_update/jsonschema/1-0-1,true,,false,REQ.4,
com.snowplowanalytics.iglu,resolver-config,1-0-0,1-0-1,ADDITION,schemas/com.snowplowanalytics.iglu/resolver-config/jsonschema/1-0-0,schemas/com.snowplowanalytics.iglu/resolver-config/jsonschema/1-0-1,true,,false,union-request-narrowing,
com.snowplowanalytics.iglu,resolver-config,1-0-1,1-0-2,ADDITION,schemas/com.snowplowanalytics.iglu/resolver-config/jsonschema/1-0-1,schemas/com.snowplowanalytics.iglu/resolver-config/jsonschema/1-0-2,true,,false,REQ.4|prim-mismatch,
com.snowplowanalytics.iglu,resolver-config,1-0-2,1-0-3,ADDITION,schemas/com.snowplowanalytics.iglu/resolver-config/jsonschema/1-0-2,schemas/com.snowplowanalytics.iglu/resolver-config/jsonschema/1-0-3,true,,true,,
com.snowplowanalytics.mobile,remote_config,1-0-0,1-0-1,ADDITION,schemas/com.snowplowanalytics.mobile/remote_config/jsonschema/1-0-0,schemas/com.snowplowanalytics.mobile/remote_config/jsonschema/1-0-1,true,,false,nullable-request-narrowing,
com.snowplowanalytics.monitoring.batch,load_succeeded,1-0-0,2-0-0,MODEL,schemas/com.snowplowanalytics.monitoring.batch/load_succeeded/jsonschema/1-0-0,schemas/com.snowplowanalytics.monitoring.batch/load_succeeded/jsonschema/2-0-0,false,REQ.1,false,REQ.4,
com.snowplowanalytics.monitoring.batch,load_succeeded,2-0-0,3-0-0,MODEL,schemas/com.snowplowanalytics.monitoring.batch/load_succeeded/jsonschema/2-0-0,schemas/com.snowplowanalytics.monitoring.batch/load_succeeded/jsonschema/3-0-0,false,REQ.1|REQ.4,false,REQ.1|REQ.4,
com.snowplowanalytics.monitoring.batch,load_succeeded,3-0-0,3-0-1,ADDITION,schemas/com.snowplowanalytics.monitoring.batch/load_succeeded/jsonschema/3-0-0,schemas/com.snowplowanalytics.monitoring.batch/load_succeeded/jsonschema/3-0-1,true,,false,REQ.4,
com.snowplowanalytics.oss,oss_context,1-0-0,1-0-1,ADDITION,schemas/com.snowplowanalytics.oss/oss_context/jsonschema/1-0-0,schemas/com.snowplowanalytics.oss/oss_context/jsonschema/1-0-1,true,,false,REQ.4|nullable-request-narrowing,
com.snowplowanalytics.oss,oss_context,1-0-1,1-0-2,ADDITION,schemas/com.snowplowanalytics.oss/oss_context/jsonschema/1-0-1,schemas/com.snowplowanalytics.oss/oss_context/jsonschema/1-0-2,true,,false,REQ.4,
com.snowplowanalytics.snowplow.badrows,enrichment_failures,1-0-0,2-0-0,MODEL,schemas/com.snowplowanalytics.snowplow.badrows/enrichment_failures/jsonschema/1-0-0,schemas/com.snowplowanalytics.snowplow.badrows/enrichment_failures/jsonschema/2-0-0,false,kind-mismatch,false,nullable-request-narrowing,
com.snowplowanalytics.snowplow.badrows,enrichment_failures,2-0-0,2-0-1,ADDITION,schemas/com.snowplowanalytics.snowplow.badrows/enrichment_failures/jsonschema/2-0-0,schemas/com.snowplowanalytics.snowplow.badrows/enrichment_failures/jsonschema/2-0-1,true,,false,union-request-narrowing,
com.snowplowanalytics.snowplow.badrows,loader_iglu_error,1-0-0,2-0-0,MODEL,schemas/com.snowplowanalytics.snowplow.badrows/loader_iglu_error/jsonschema/1-0-0,schemas/com.snowplowanalytics.snowplow.badrows/loader_iglu_error/jsonschema/2-0-0,false,REQ.1|REQ.2|REQ.4,false,REQ.1|REQ.4,
com.snowplowanalytics.snowplow.badrows,loader_iglu_error,2-0-0,2-0-1,ADDITION,schemas/com.snowplowanalytics.snowplow.badrows/loader_iglu_error/jsonschema/2-0-0,schemas/com.snowplowanalytics.snowplow.badrows/loader_iglu_error/jsonschema/2-0-1,true,,false,union-request-narrowing,
com.snowplowanalytics.snowplow.badrows,loader_parsing_error,1-0-0,2-0-0,MODEL,schemas/com.snowplowanalytics.snowplow.badrows/loader_parsing_error/jsonschema/1-0-0,schemas/com.snowplowanalytics.snowplow.badrows/loader_parsing_error/jsonschema/2-0-0,false,REQ.1|REQ.4,false,REQ.1|REQ.4,
com.snowplowanalytics.snowplow.badrows,loader_runtime_error,1-0-0,1-0-1,ADDITION,schemas/com.snowplowanalytics.snowplow.badrows/loader_runtime_error/jsonschema/1-0-0,schemas/com.snowplowanalytics.snowplow.badrows/loader_runtime_error/jsonschema/1-0-1,false,REQ.1|REQ.4,false,REQ.1|REQ.4,
com.snowplowanalytics.snowplow.badrows,recovery_error,1-0-0,1-0-1,ADDITION,schemas/com.snowplowanalytics.snowplow.badrows/recovery_error/jsonschema/1-0-0,schemas/com.snowplowanalytics.snowplow.badrows/recovery_error/jsonschema/1-0-1,true,,false,enum-request-narrowing,
com.snowplowanalytics.snowplow.badrows,schema_violations,1-0-0,2-0-0,MODEL,schemas/com.snowplowanalytics.snowplow.badrows/schema_violations/jsonschema/1-0-0,schemas/com.snowplowanalytics.snowplow.badrows/schema_violations/jsonschema/2-0-0,false,kind-mismatch,false,nullable-request-narrowing,
com.snowplowanalytics.snowplow.badrows,schema_violations,2-0-0,2-0-1,ADDITION,schemas/com.snowplowanalytics.snowplow.badrows/schema_violations/jsonschema/2-0-0,schemas/com.snowplowanalytics.snowplow.badrows/schema_violations/jsonschema/2-0-1,true,,false,union-request-narrowing,
com.snowplowanalytics.snowplow.badrows,tracker_protocol_violations,1-0-0,1-0-1,ADDITION,schemas/com.snowplowanalytics.snowplow.badrows/tracker_protocol_violations/jsonschema/1-0-0,schemas/com.snowplowanalytics.snowplow.badrows/tracker_protocol_violations/jsonschema/1-0-1,true,,false,union-request-narrowing,
com.snowplowanalytics.snowplow.ecommerce,snowplow_ecommerce_action,1-0-0,1-0-1,ADDITION,schemas/com.snowplowanalytics.snowplow.ecommerce/snowplow_ecommerce_action/jsonschema/1-0-0,schemas/com.snowplowanalytics.snowplow.ecommerce/snowplow_ecommerce_action/jsonschema/1-0-1,true,,false,enum-request-narrowing,
com.snowplowanalytics.snowplow.ecommerce,snowplow_ecommerce_action,1-0-1,1-0-2,ADDITION,schemas/com.snowplowanalytics.snowplow.ecommerce/snowplow_ecommerce_action/jsonschema/1-0-1,schemas/com.snowplowanalytics.snowplow.ecommerce/snowplow_ecommerce_action/jsonschema/1-0-2,true,,false,enum-request-narrowing,
com.snowplowanalytics.snowplow.enrichments,api_request_enrichment_config,1-0-0,1-0-1,ADDITION,schemas/com.snowplowanalytics.snowplow.enrichments/api_request_enrichment_config/jsonschema/1-0-0,schemas/com.snowplowanalytics.snowplow.enrichments/api_request_enrichment_config/jsonschema/1-0-1,true,,true,,
com.snowplowanalytics.snowplow.enrichments,api_request_enrichment_config,1-0-1,1-0-2,ADDITION,schemas/com.snowplowanalytics.snowplow.enrichments/api_request_enrichment_config/jsonschema/1-0-1,schemas/com.snowplowanalytics.snowplow.enrichments/api_request_enrichment_config/jsonschema/1-0-2,true,,false,REQ.4,
com.snowplowanalytics.snowplow.enrichments,bot_detection_enrichment_config,1-0-0,1-0-1,ADDITION,schemas/com.snowplowanalytics.snowplow.enrichments/bot_detection_enrichment_config/jsonschema/1-0-0,schemas/com.snowplowanalytics.snowplow.enrichments/bot_detection_enrichment_config/jsonschema/1-0-1,false,REQ.1,false,REQ.4,
com.snowplowanalytics.snowplow.enrichments,iab_spiders_and_robots_enrichment,1-0-0,1-0-1,ADDITION,schemas/com.snowplowanalytics.snowplow.enrichments/iab_spiders_and_robots_enrichment/jsonschema/1-0-0,schemas/com.snowplowanalytics.snowplow.enrichments/iab_spiders_and_robots_enrichment/jsonschema/1-0-1,true,,false,REQ.4,
com.snowplowanalytics.snowplow.enrichments,pii_enrichment_config,1-0-0,2-0-0,MODEL,schemas/com.snowplowanalytics.snowplow.enrichments/pii_enrichment_config/jsonschema/1-0-0,schemas/com.snowplowanalytics.snowplow.enrichments/pii_enrichment_config/jsonschema/2-0-0,false,REQ.1|oneof-ambiguity,false,REQ.4|oneof-ambiguity,
com.snowplowanalytics.snowplow.enrichments,pii_enrichment_config,2-0-0,2-0-1,ADDITION,schemas/com.snowplowanalytics.snowplow.enrichments/pii_enrichment_config/jsonschema/2-0-0,schemas/com.snowplowanalytics.snowplow.enrichments/pii_enrichment_config/jsonschema/2-0-1,false,oneof-ambiguity,false,REQ.4|oneof-ambiguity,
com.snowplowanalytics.snowplow.enrichments,sql_query_enrichment_config,1-0-0,1-0-1,ADDITION,schemas/com.snowplowanalytics.snowplow.enrichments/sql_query_enrichment_config/jsonschema/1-0-0,schemas/com.snowplowanalytics.snowplow.enrichments/sql_query_enrichment_config/jsonschema/1-0-1,true,,false,REQ.4,
com.snowplowanalytics.snowplow.storage,amazon_dynamodb_config,1-0-0,1-0-1,ADDITION,schemas/com.snowplowanalytics.snowplow.storage/amazon_dynamodb_config/jsonschema/1-0-0,schemas/com.snowplowanalytics.snowplow.storage/amazon_dynamodb_config/jsonschema/1-0-1,true,,false,REQ.4,
com.snowplowanalytics.snowplow.storage,amazon_dynamodb_config,1-0-1,2-0-0,MODEL,schemas/com.snowplowanalytics.snowplow.storage/amazon_dynamodb_config/jsonschema/1-0-1,schemas/com.snowplowanalytics.snowplow.storage/amazon_dynamodb_config/jsonschema/2-0-0,false,REQ.1|REQ.2|REQ.4|enum-request-narrowing,false,REQ.1|REQ.4|enum-request-narrowing,
com.snowplowanalytics.snowplow.storage,elastic_config,1-0-0,1-0-1,ADDITION,schemas/com.snowplowanalytics.snowplow.storage/elastic_config/jsonschema/1-0-0,schemas/com.snowplowanalytics.snowplow.storage/elastic_config/jsonschema/1-0-1,true,,false,REQ.4,
com.snowplowanalytics.snowplow.storage,postgresql_config,1-0-0,1-0-1,ADDITION,schemas/com.snowplowanalytics.snowplow.storage/postgresql_config/jsonschema/1-0-0,schemas/com.snowplowanalytics.snowplow.storage/postgresql_config/jsonschema/1-0-1,true,,false,REQ.4,
com.snowplowanalytics.snowplow.storage,postgresql_config,1-0-1,1-1-0,REVISION,schemas/com.snowplowanalytics.snowplow.storage/postgresql_config/jsonschema/1-0-1,schemas/com.snowplowanalytics.snowplow.storage/postgresql_config/jsonschema/1-1-0,true,,false,REQ.4|union-request-narrowing,
com.snowplowanalytics.snowplow.storage,postgresql_config,1-1-0,2-0-0,MODEL,schemas/com.snowplowanalytics.snowplow.storage/postgresql_config/jsonschema/1-1-0,schemas/com.snowplowanalytics.snowplow.storage/postgresql_config/jsonschema/2-0-0,false,REQ.1|REQ.2,false,REQ.4|nullable-request-narrowing,
com.snowplowanalytics.snowplow.storage,redshift_config,1-0-0,2-0-0,MODEL,schemas/com.snowplowanalytics.snowplow.storage/redshift_config/jsonschema/1-0-0,schemas/com.snowplowanalytics.snowplow.storage/redshift_config/jsonschema/2-0-0,false,REQ.1,false,REQ.4,
com.snowplowanalytics.snowplow.storage,redshift_config,2-0-0,2-1-0,REVISION,schemas/com.snowplowanalytics.snowplow.storage/redshift_config/jsonschema/2-0-0,schemas/com.snowplowanalytics.snowplow.storage/redshift_config/jsonschema/2-1-0,true,,false,REQ.4|union-request-narrowing,
com.snowplowanalytics.snowplow.storage,redshift_config,2-1-0,3-0-0,MODEL,schemas/com.snowplowanalytics.snowplow.storage/redshift_config/jsonschema/2-1-0,schemas/com.snowplowanalytics.snowplow.storage/redshift_config/jsonschema/3-0-0,false,REQ.1|REQ.2|REQ.4,false,REQ.1|REQ.4|nullable-request-narrowing,
com.snowplowanalytics.snowplow.storage,redshift_config,3-0-0,4-0-0,MODEL,schemas/com.snowplowanalytics.snowplow.storage/redshift_config/jsonschema/3-0-0,schemas/com.snowplowanalytics.snowplow.storage/redshift_config/jsonschema/4-0-0,true,,false,REQ.4,
com.snowplowanalytics.snowplow.storage,shredding_complete,1-0-0,1-0-1,ADDITION,schemas/com.snowplowanalytics.snowplow.storage/shredding_complete/jsonschema/1-0-0,schemas/com.snowplowanalytics.snowplow.storage/shredding_complete/jsonschema/1-0-1,true,,false,REQ.4,
com.snowplowanalytics.snowplow.storage,shredding_complete,1-0-1,2-0-0,MODEL,schemas/com.snowplowanalytics.snowplow.storage/shredding_complete/jsonschema/1-0-1,schemas/com.snowplowanalytics.snowplow.storage/shredding_complete/jsonschema/2-0-0,false,REQ.1|REQ.4,false,REQ.1|REQ.4,
com.snowplowanalytics.snowplow.storage,shredding_complete,2-0-0,2-0-1,ADDITION,schemas/com.snowplowanalytics.snowplow.storage/shredding_complete/jsonschema/2-0-0,schemas/com.snowplowanalytics.snowplow.storage/shredding_complete/jsonschema/2-0-1,true,,true,,
com.snowplowanalytics.snowplow.storage,snowflake_config,1-0-0,1-0-1,ADDITION,schemas/com.snowplowanalytics.snowplow.storage/snowflake_config/jsonschema/1-0-0,schemas/com.snowplowanalytics.snowplow.storage/snowflake_config/jsonschema/1-0-1,true,,false,REQ.4,
com.snowplowanalytics.snowplow.storage,snowflake_config,1-0-1,1-0-2,ADDITION,schemas/com.snowplowanalytics.snowplow.storage/snowflake_config/jsonschema/1-0-1,schemas/com.snowplowanalytics.snowplow.storage/snowflake_config/jsonschema/1-0-2,true,,false,REQ.4,
com.snowplowanalytics.snowplow.storage,snowflake_config,1-0-2,1-0-3,ADDITION,schemas/com.snowplowanalytics.snowplow.storage/snowflake_config/jsonschema/1-0-2,schemas/com.snowplowanalytics.snowplow.storage/snowflake_config/jsonschema/1-0-3,true,,false,union-request-narrowing,
com.snowplowanalytics.snowplow,anon_ip,1-0-0,1-0-1,ADDITION,schemas/com.snowplowanalytics.snowplow/anon_ip/jsonschema/1-0-0,schemas/com.snowplowanalytics.snowplow/anon_ip/jsonschema/1-0-1,true,,false,REQ.4,
com.snowplowanalytics.snowplow,application_error,1-0-0,1-0-1,ADDITION,schemas/com.snowplowanalytics.snowplow/application_error/jsonschema/1-0-0,schemas/com.snowplowanalytics.snowplow/application_error/jsonschema/1-0-1,true,,false,REQ.4,
com.snowplowanalytics.snowplow,application_error,1-0-1,1-0-2,ADDITION,schemas/com.snowplowanalytics.snowplow/application_error/jsonschema/1-0-1,schemas/com.snowplowanalytics.snowplow/application_error/jsonschema/1-0-2,true,,false,REQ.4,
com.snowplowanalytics.snowplow,asn,1-0-0,1-0-1,ADDITION,schemas/com.snowplowanalytics.snowplow/asn/jsonschema/1-0-0,schemas/com.snowplowanalytics.snowplow/asn/jsonschema/1-0-1,true,,false,REQ.4,
com.snowplowanalytics.snowplow,bot_detection,1-0-0,1-0-1,ADDITION,schemas/com.snowplowanalytics.snowplow/bot_detection/jsonschema/1-0-0,schemas/com.snowplowanalytics.snowplow/bot_detection/jsonschema/1-0-1,true,,false,enum-request-narrowing,
com.snowplowanalytics.snowplow,browser_context,1-0-0,2-0-0,MODEL,schemas/com.snowplowanalytics.snowplow/browser_context/jsonschema/1-0-0,schemas/com.snowplowanalytics.snowplow/browser_context/jsonschema/2-0-0,true,,false,prim-mismatch,
com.snowplowanalytics.snowplow,campaign_attribution,1-0-0,1-0-1,ADDITION,schemas/com.snowplowanalytics.snowplow/campaign_attribution/jsonschema/1-0-0,schemas/com.snowplowanalytics.snowplow/campaign_attribution/jsonschema/1-0-1,true,,false,REQ.4|nullable-request-narrowing,
com.snowplowanalytics.snowplow,client_session,1-0-0,1-0-1,ADDITION,schemas/com.snowplowanalytics.snowplow/client_session/jsonschema/1-0-0,schemas/com.snowplowanalytics.snowplow/client_session/jsonschema/1-0-1,true,,false,REQ.4,
com.snowplowanalytics.snowplow,client_session,1-0-1,1-0-2,ADDITION,schemas/com.snowplowanalytics.snowplow/client_session/jsonschema/1-0-1,schemas/com.snowplowanalytics.snowplow/client_session/jsonschema/1-0-2,true,,false,REQ.2|REQ.4,
com.snowplowanalytics.snowplow,contexts,1-0-0,1-0-1,ADDITION,schemas/com.snowplowanalytics.snowplow/contexts/jsonschema/1-0-0,schemas/com.snowplowanalytics.snowplow/contexts/jsonschema/1-0-1,true,,true,,
com.snowplowanalytics.snowplow,elasticsearch_enriched_event,1-0-0,1-0-1,ADDITION,schemas/com.snowplowanalytics.snowplow/elasticsearch_enriched_event/jsonschema/1-0-0,schemas/com.snowplowanalytics.snowplow/elasticsearch_enriched_event/jsonschema/1-0-1,true,,false,REQ.4,
com.snowplowanalytics.snowplow,elasticsearch_enriched_event,1-0-1,2-0-0,MODEL,schemas/com.snowplowanalytics.snowplow/elasticsearch_enriched_event/jsonschema/1-0-1,schemas/com.snowplowanalytics.snowplow/elasticsearch_enriched_event/jsonschema/2-0-0,true,,true,,
com.snowplowanalytics.snowplow,event_fingerprint_config,1-0-0,1-0-1,ADDITION,schemas/com.snowplowanalytics.snowplow/event_fingerprint_config/jsonschema/1-0-0,schemas/com.snowplowanalytics.snowplow/event_fingerprint_config/jsonschema/1-0-1,true,,false,enum-request-narrowing,
com.snowplowanalytics.snowplow,event_specification,1-0-0,1-0-1,ADDITION,schemas/com.snowplowanalytics.snowplow/event_specification/jsonschema/1-0-0,schemas/com.snowplowanalytics.snowplow/event_specification/jsonschema/1-0-1,true,,false,REQ.4,
com.snowplowanalytics.snowplow,event_specification,1-0-1,1-0-2,ADDITION,schemas/com.snowplowanalytics.snowplow/event_specification/jsonschema/1-0-1,schemas/com.snowplowanalytics.snowplow/event_specification/jsonschema/1-0-2,true,,false,REQ.4|nullable-request-narrowing,
com.snowplowanalytics.snowplow,event_specification,1-0-2,1-0-3,ADDITION,schemas/com.snowplowanalytics.snowplow/event_specification/jsonschema/1-0-2,schemas/com.snowplowanalytics.snowplow/event_specification/jsonschema/1-0-3,true,,false,REQ.4,
com.snowplowanalytics.snowplow,event_specification,1-0-3,1-0-4,ADDITION,schemas/com.snowplowanalytics.snowplow/event_specification/jsonschema/1-0-3,schemas/com.snowplowanalytics.snowplow/event_specification/jsonschema/1-0-4,true,,false,REQ.4,
com.snowplowanalytics.snowplow,geolocation_context,1-0-0,1-1-0,REVISION,schemas/com.snowplowanalytics.snowplow/geolocation_context/jsonschema/1-0-0,schemas/com.snowplowanalytics.snowplow/geolocation_context/jsonschema/1-1-0,true,,false,REQ.4|nullable-request-narrowing,
com.snowplowanalytics.snowplow,identity,1-0-0,2-0-0,MODEL,schemas/com.snowplowanalytics.snowplow/identity/jsonschema/1-0-0,schemas/com.snowplowanalytics.snowplow/identity/jsonschema/2-0-0,false,REQ.1|REQ.4,false,REQ.1|REQ.4,
com.snowplowanalytics.snowplow,identity_merge,1-0-0,2-0-0,MODEL,schemas/com.snowplowanalytics.snowplow/identity_merge/jsonschema/1-0-0,schemas/com.snowplowanalytics.snowplow/identity_merge/jsonschema/2-0-0,false,REQ.1|REQ.4,false,REQ.1|REQ.4,
com.snowplowanalytics.snowplow,ip_lookups,1-0-0,2-0-0,MODEL,schemas/com.snowplowanalytics.snowplow/ip_lookups/jsonschema/1-0-0,schemas/com.snowplowanalytics.snowplow/ip_lookups/jsonschema/2-0-0,false,REQ.4|enum-request-narrowing,false,REQ.4|enum-request-narrowing,
com.snowplowanalytics.snowplow,ip_lookups,2-0-0,2-0-1,ADDITION,schemas/com.snowplowanalytics.snowplow/ip_lookups/jsonschema/2-0-0,schemas/com.snowplowanalytics.snowplow/ip_lookups/jsonschema/2-0-1,true,,false,REQ.4,
com.snowplowanalytics.snowplow,javascript_script_config,1-0-0,1-0-1,ADDITION,schemas/com.snowplowanalytics.snowplow/javascript_script_config/jsonschema/1-0-0,schemas/com.snowplowanalytics.snowplow/javascript_script_config/jsonschema/1-0-1,true,,false,REQ.4,
com.snowplowanalytics.snowplow,link_click,1-0-0,1-0-1,ADDITION,schemas/com.snowplowanalytics.snowplow/link_click/jsonschema/1-0-0,schemas/com.snowplowanalytics.snowplow/link_click/jsonschema/1-0-1,true,,false,REQ.4,
com.snowplowanalytics.snowplow,media_player,1-0-0,2-0-0,MODEL,schemas/com.snowplowanalytics.snowplow/media_player/jsonschema/1-0-0,schemas/com.snowplowanalytics.snowplow/media_player/jsonschema/2-0-0,false,REQ.4,false,REQ.2|REQ.4|nullable-request-narrowing,
com.snowplowanalytics.snowplow,mobile_context,1-0-0,1-0-1,ADDITION,schemas/com.snowplowanalytics.snowplow/mobile_context/jsonschema/1-0-0,schemas/com.snowplowanalytics.snowplow/mobile_context/jsonschema/1-0-1,true,,false,REQ.4,
com.snowplowanalytics.snowplow,mobile_context,1-0-1,1-0-2,ADDITION,schemas/com.snowplowanalytics.snowplow/mobile_context/jsonschema/1-0-1,schemas/com.snowplowanalytics.snowplow/mobile_context/jsonschema/1-0-2,true,,false,REQ.4|nullable-request-narrowing,
com.snowplowanalytics.snowplow,mobile_context,1-0-2,1-0-3,ADDITION,schemas/com.snowplowanalytics.snowplow/mobile_context/jsonschema/1-0-2,schemas/com.snowplowanalytics.snowplow/mobile_context/jsonschema/1-0-3,true,,false,REQ.4,
com.snowplowanalytics.snowplow,payload_data,1-0-0,1-0-1,ADDITION,schemas/com.snowplowanalytics.snowplow/payload_data/jsonschema/1-0-0,schemas/com.snowplowanalytics.snowplow/payload_data/jsonschema/1-0-1,true,,false,REQ.4,
com.snowplowanalytics.snowplow,payload_data,1-0-1,1-0-2,ADDITION,schemas/com.snowplowanalytics.snowplow/payload_data/jsonschema/1-0-1,schemas/com.snowplowanalytics.snowplow/payload_data/jsonschema/1-0-2,true,,false,REQ.4,
com.snowplowanalytics.snowplow,payload_data,1-0-2,1-0-3,ADDITION,schemas/com.snowplowanalytics.snowplow/payload_data/jsonschema/1-0-2,schemas/com.snowplowanalytics.snowplow/payload_data/jsonschema/1-0-3,true,,false,REQ.4,
com.snowplowanalytics.snowplow,payload_data,1-0-3,1-0-4,ADDITION,schemas/com.snowplowanalytics.snowplow/payload_data/jsonschema/1-0-3,schemas/com.snowplowanalytics.snowplow/payload_data/jsonschema/1-0-4,true,,false,REQ.4,
com.snowplowanalytics.snowplow,recoveries,1-0-0,2-0-0,MODEL,schemas/com.snowplowanalytics.snowplow/recoveries/jsonschema/1-0-0,schemas/com.snowplowanalytics.snowplow/recoveries/jsonschema/2-0-0,false,kind-mismatch,false,kind-mismatch,
com.snowplowanalytics.snowplow,recoveries,2-0-0,3-0-0,MODEL,schemas/com.snowplowanalytics.snowplow/recoveries/jsonschema/2-0-0,schemas/com.snowplowanalytics.snowplow/recoveries/jsonschema/3-0-0,true,,true,,
com.snowplowanalytics.snowplow,recoveries,3-0-0,4-0-0,MODEL,schemas/com.snowplowanalytics.snowplow/recoveries/jsonschema/3-0-0,schemas/com.snowplowanalytics.snowplow/recoveries/jsonschema/4-0-0,true,,true,,
com.snowplowanalytics.snowplow,referer_parser,1-0-0,2-0-0,MODEL,schemas/com.snowplowanalytics.snowplow/referer_parser/jsonschema/1-0-0,schemas/com.snowplowanalytics.snowplow/referer_parser/jsonschema/2-0-0,false,REQ.1,false,REQ.4,
com.snowplowanalytics.snowplow,referer_parser,2-0-0,2-0-1,ADDITION,schemas/com.snowplowanalytics.snowplow/referer_parser/jsonschema/2-0-0,schemas/com.snowplowanalytics.snowplow/referer_parser/jsonschema/2-0-1,true,,false,REQ.4,
com.snowplowanalytics.snowplow,referer_parser,2-0-1,2-0-2,ADDITION,schemas/com.snowplowanalytics.snowplow/referer_parser/jsonschema/2-0-1,schemas/com.snowplowanalytics.snowplow/referer_parser/jsonschema/2-0-2,true,,false,REQ.4,
com.snowplowanalytics.snowplow,ua_parser_config,1-0-0,1-0-1,ADDITION,schemas/com.snowplowanalytics.snowplow/ua_parser_config/jsonschema/1-0-0,schemas/com.snowplowanalytics.snowplow/ua_parser_config/jsonschema/1-0-1,true,,true,,
nl.basjes,yauaa_context,1-0-0,1-0-1,ADDITION,schemas/nl.basjes/yauaa_context/jsonschema/1-0-0,schemas/nl.basjes/yauaa_context/jsonschema/1-0-1,true,,false,REQ.4,
nl.basjes,yauaa_context,1-0-1,1-0-2,ADDITION,schemas/nl.basjes/yauaa_context/jsonschema/1-0-1,schemas/nl.basjes/yauaa_context/jsonschema/1-0-2,true,,false,enum-request-narrowing,
nl.basjes,yauaa_context,1-0-2,1-0-3,ADDITION,schemas/nl.basjes/yauaa_context/jsonschema/1-0-2,schemas/nl.basjes/yauaa_context/jsonschema/1-0-3,true,,true,,
nl.basjes,yauaa_context,1-0-3,1-0-4,ADDITION,schemas/nl.basjes/yauaa_context/jsonschema/1-0-3,schemas/nl.basjes/yauaa_context/jsonschema/1-0-4,true,,false,enum-request-narrowing,
nl.basjes,yauaa_context,1-0-4,1-0-5,ADDITION,schemas/nl.basjes/yauaa_context/jsonschema/1-0-4,schemas/nl.basjes/yauaa_context/jsonschema/1-0-5,true,,false,REQ.4|enum-request-narrowing,
