bom	presence	edge	caller	provider	verb	path	caller_path	caller_interface	leg	component	severity	rule	violation_path	old	new	category	basis	excluded
1.37.8	none	clouddriver-front50/9	clouddriver	front50	GET	/v2/tags	/_calls/front50/v2/tags	com.netflix.spinnaker.clouddriver.core.services.Front50Service	response	response	BREAK	enum-response-widening	$[*].tags[*].valueType	enum{literal,object}	string	real inconsistency	declared: the provider returns string where the caller enumerates enum{literal,object}	yes
1.37.8	none	clouddriver-front50/10	clouddriver	front50	POST	/v2/tags	/_calls/front50/v2/tags	com.netflix.spinnaker.clouddriver.core.services.Front50Service	response	response	BREAK	enum-response-widening	$.tags[*].valueType	enum{literal,object}	string	real inconsistency	declared: the provider returns string where the caller enumerates enum{literal,object}	yes
1.37.8	none	clouddriver-front50/12	clouddriver	front50	GET	/v2/tags/**	/_calls/front50/v2/tags/{id}	com.netflix.spinnaker.clouddriver.core.services.Front50Service	response	response	BREAK	enum-response-widening	$.tags[*].valueType	enum{literal,object}	string	real inconsistency	declared: the provider returns string where the caller enumerates enum{literal,object}	yes
1.37.8	none	clouddriver-front50/13	clouddriver	front50	POST	/v2/tags/batchUpdate	/_calls/front50/v2/tags/batchUpdate	com.netflix.spinnaker.clouddriver.core.services.Front50Service	response	response	BREAK	enum-response-widening	$[*].tags[*].valueType	enum{literal,object}	string	real inconsistency	declared: the provider returns string where the caller enumerates enum{literal,object}	yes
1.37.8	none	echo-igor/3	echo	igor	GET	/builds/artifacts/{buildNumber}/{master}	/_calls/igor/builds/artifacts/{buildNumber}/{master}	com.netflix.spinnaker.echo.services.IgorService	request	params	BREAK	REQ.2	$.params.job	optional string	required string	real inconsistency	declared: the provider requires params.job; the caller declares it optional (a Retrofit @Query/@Header is omitted when null; G1 decisions.md 5)	yes
1.37.8	none	echo-igor/5	echo	igor	GET	/builds/properties/{buildNumber}/{fileName}/{master}	/_calls/igor/builds/properties/{buildNumber}/{fileName}/{master}	com.netflix.spinnaker.echo.services.IgorService	request	params	BREAK	REQ.2	$.params.job	optional string	required string	real inconsistency	declared: the provider requires params.job; the caller declares it optional (a Retrofit @Query/@Header is omitted when null; G1 decisions.md 5)	yes
1.37.8	none	echo-igor/7	echo	igor	GET	/builds/status/{buildNumber}/{master}	/_calls/igor/builds/status/{buildNumber}/{master}	com.netflix.spinnaker.echo.services.IgorService	request	params	BREAK	REQ.2	$.params.job	optional string	required string	real inconsistency	declared: the provider requires params.job; the caller declares it optional (a Retrofit @Query/@Header is omitted when null; G1 decisions.md 5)	yes
1.37.8	none	echo-igor/9	echo	igor	PUT	/gcb/artifacts/extract/{account}	/_calls/igor/gcb/artifacts/extract/{account}	com.netflix.spinnaker.echo.services.IgorService	request	body	BREAK	kind-mismatch	$.body	object(open){}	string	projection defect	@RequestBody String: Spring reads the raw text of any payload into it, and the document declares a JSON string, so the caller's object(open){} is refused	yes
1.37.8	none	echo-igor/10	echo	igor	PUT	/gcb/builds/{account}/{buildId}	/_calls/igor/gcb/builds/{account}/{buildId}	com.netflix.spinnaker.echo.services.IgorService	request	body	BREAK	kind-mismatch	$.body	object(open){}	string	projection defect	@RequestBody String: Spring reads the raw text of any payload into it, and the document declares a JSON string, so the caller's object(open){} is refused	yes
1.37.8	none	echo-orca/3	echo	orca	GET	/pipelines	/_calls/orca/pipelines	com.netflix.spinnaker.echo.pipelinetriggers.orca.OrcaService	request	params	BREAK	kind-mismatch	$.params.pipelineConfigIds	array(string)	string	projection defect	query parameter arity: array(string) against string; Spring binds repeated or comma-separated values to both a String and a List parameter, and the extractor types parameters by their Java type (G1 decisions.md 8)	yes
1.37.8	none	fiat-clouddriver/2	fiat	clouddriver	GET	/credentials	/_calls/clouddriver/credentials	com.netflix.spinnaker.fiat.providers.internal.ClouddriverApi	request	params	BREAK	REQ.1	$.params	<absent>	object(open){expand*:string}	projection defect	clouddriver-web CredentialsController.listAccountCredentials(@RequestParam Optional<Boolean> expand): an Optional parameter is optional in Spring and typed by its argument; the document has a required string	yes
1.37.8	none	front50-echo/1	front50	echo	POST	/	/_calls/echo/	com.netflix.spinnaker.front50.echo.EchoService	response	response	BREAK	presence-mismatch	$	string	<nil>	real inconsistency	declared: the caller reads a string body; the provider sends none (echo-web HistoryController.saveHistory(@RequestBody Event): void)	yes
1.37.8	none	gate-clouddriver/3	gate	clouddriver	GET	/applications/{application}/clusters	/_calls/clouddriver/applications/{name}/clusters	com.netflix.spinnaker.gate.services.internal.ClouddriverService	response	response	BREAK	kind-mismatch	$	object(open){}	map(string,array(string))	checker limitation	object against map: object(open){} vs map(string,array(string)); a JSON object either way, the checker compares kinds	yes
1.37.8	none	gate-clouddriver/6	gate	clouddriver	GET	/applications/{application}/clusters/{account}/{clusterName}/aws/serverGroups/{serverGroupName}/scalingActivities	/_calls/clouddriver/applications/{application}/clusters/{account}/{cluster}/{provider}/serverGroups/{serverGroupName}/scalingActivities	com.netflix.spinnaker.gate.services.internal.ClouddriverService	request	params	BREAK	REQ.2	$.params.region	optional string	required string	real inconsistency	declared: the provider requires params.region; the caller declares it optional (a Retrofit @Query/@Header is omitted when null; G1 decisions.md 5)	yes
1.37.8	none	gate-clouddriver/6	gate	clouddriver	GET	/applications/{application}/clusters/{account}/{clusterName}/aws/serverGroups/{serverGroupName}/scalingActivities	/_calls/clouddriver/applications/{application}/clusters/{account}/{cluster}/{provider}/serverGroups/{serverGroupName}/scalingActivities	com.netflix.spinnaker.gate.services.internal.ClouddriverService	response	response	BREAK	presence-mismatch	$	array(object(open){})	<nil>	projection defect	a raw ResponseEntity has an untyped body, and the document has a contentless 200 (clouddriver-aws AmazonClusterController.getScalingActivities: raw ResponseEntity)	yes
1.37.8	none	gate-clouddriver/7	gate	clouddriver	GET	/applications/{application}/clusters/{account}/{clusterName}/yandex/serverGroups/{serverGroupName}/scalingActivities	/_calls/clouddriver/applications/{application}/clusters/{account}/{cluster}/{provider}/serverGroups/{serverGroupName}/scalingActivities	com.netflix.spinnaker.gate.services.internal.ClouddriverService	request	params	BREAK	REQ.2	$.params.region	optional string	required string	real inconsistency	declared: the provider requires params.region; the caller declares it optional (a Retrofit @Query/@Header is omitted when null; G1 decisions.md 5)	yes
1.37.8	none	gate-clouddriver/9	gate	clouddriver	GET	/applications/{application}/clusters/{account}/{clusterName}/{type}/serverGroups/{serverGroupName}	/_calls/clouddriver/applications/{name}/clusters/{account}/{cluster}/{type}/serverGroups/{serverGroupName}	com.netflix.spinnaker.gate.services.internal.ClouddriverService	response	response	BREAK	kind-mismatch	$	array(object(open){})	object(open){}	checker limitation	an untyped side (D5: an open object) of another JSON kind: array(object(open){}) vs object(open){}; the leg is vacuous under the D5 ruling, which assumed such a leg can only pass	yes
1.37.8	none	gate-clouddriver/10	gate	clouddriver	GET	/applications/{application}/clusters/{account}/{clusterName}/{cloudProvider}/{scope}/serverGroups/target/{target}	/_calls/clouddriver/applications/{name}/clusters/{account}/{cluster}/{type}/{scope}/serverGroups/target/{target}	com.netflix.spinnaker.gate.services.internal.ClouddriverService	request	params	BREAK	prim-mismatch	$.params.onlyEnabled	boolean	string	projection defect	parameter text binding: a boolean argument is sent as text and Spring binds any text to a String parameter; the strict lattice compares Java types (G1 decisions.md 8)	yes
1.37.8	none	gate-clouddriver/10	gate	clouddriver	GET	/applications/{application}/clusters/{account}/{clusterName}/{cloudProvider}/{scope}/serverGroups/target/{target}	/_calls/clouddriver/applications/{name}/clusters/{account}/{cluster}/{type}/{scope}/serverGroups/target/{target}	com.netflix.spinnaker.gate.services.internal.ClouddriverService	request	params	BREAK	prim-mismatch	$.params.validateOldest	boolean	string	projection defect	parameter text binding: a boolean argument is sent as text and Spring binds any text to a String parameter; the strict lattice compares Java types (G1 decisions.md 8)	yes
1.37.8	none	gate-clouddriver/15	gate	clouddriver	GET	/applications/{application}/serverGroups	/_calls/clouddriver/applications/{name}/serverGroups	com.netflix.spinnaker.gate.services.internal.ClouddriverService	request	params	BREAK	kind-mismatch	$.params.clusters	string	array(string)	projection defect	query parameter arity: string against array(string); Spring binds repeated or comma-separated values to both a String and a List parameter, and the extractor types parameters by their Java type (G1 decisions.md 8)	yes
1.37.8	none	gate-clouddriver/16	gate	clouddriver	GET	/applications/{application}/serverGroups/{account}/{serverGroupName}/events	/_calls/clouddriver/applications/{application}/serverGroups/{account}/{serverGroupName}/events	com.netflix.spinnaker.gate.services.internal.ClouddriverService	request	params	BREAK	REQ.2	$.params.region	optional string	required string	real inconsistency	declared: the provider requires params.region; the caller declares it optional (a Retrofit @Query/@Header is omitted when null; G1 decisions.md 5)	yes
1.37.8	none	gate-clouddriver/16	gate	clouddriver	GET	/applications/{application}/serverGroups/{account}/{serverGroupName}/events	/_calls/clouddriver/applications/{application}/serverGroups/{account}/{serverGroupName}/events	com.netflix.spinnaker.gate.services.internal.ClouddriverService	response	response	BREAK	presence-mismatch	$	array(object(open){})	<nil>	projection defect	a raw ResponseEntity has an untyped body, and the document has a contentless 200 (clouddriver-ecs EcsServerGroupController.getServerGroupEvents: raw ResponseEntity)	yes
1.37.8	none	gate-clouddriver/18	gate	clouddriver	GET	/artifacts/account/{accountName}/names	/_calls/clouddriver/artifacts/account/{accountName}/names	com.netflix.spinnaker.gate.services.internal.ClouddriverService	request	params	BREAK	REQ.2	$.params.type	optional string	required string	real inconsistency	declared: the provider requires params.type; the caller declares it optional (a Retrofit @Query/@Header is omitted when null; G1 decisions.md 5)	yes
1.37.8	none	gate-clouddriver/19	gate	clouddriver	GET	/artifacts/account/{accountName}/versions	/_calls/clouddriver/artifacts/account/{accountName}/versions	com.netflix.spinnaker.gate.services.internal.ClouddriverService	request	params	BREAK	REQ.2	$.params.artifactName	optional string	required string	real inconsistency	declared: the provider requires params.artifactName; the caller declares it optional (a Retrofit @Query/@Header is omitted when null; G1 decisions.md 5)	yes
1.37.8	none	gate-clouddriver/19	gate	clouddriver	GET	/artifacts/account/{accountName}/versions	/_calls/clouddriver/artifacts/account/{accountName}/versions	com.netflix.spinnaker.gate.services.internal.ClouddriverService	request	params	BREAK	REQ.2	$.params.type	optional string	required string	real inconsistency	declared: the provider requires params.type; the caller declares it optional (a Retrofit @Query/@Header is omitted when null; G1 decisions.md 5)	yes
1.37.8	none	gate-clouddriver/32	gate	clouddriver	GET	/credentials	/_calls/clouddriver/credentials	com.netflix.spinnaker.gate.services.internal.ClouddriverService	request	params	BREAK	REQ.2	$.params	optional object(open){expand:boolean}	required object(open){expand*:string}	projection defect	clouddriver-web CredentialsController.listAccountCredentials(@RequestParam Optional<Boolean> expand): an Optional parameter is optional in Spring and typed by its argument; the document has a required string	yes
1.37.8	none	gate-clouddriver/32	gate	clouddriver	GET	/credentials	/_calls/clouddriver/credentials	com.netflix.spinnaker.gate.services.internal.ClouddriverService	request	params	BREAK	REQ.2	$.params.expand	optional boolean	required string	projection defect	clouddriver-web CredentialsController.listAccountCredentials(@RequestParam Optional<Boolean> expand): an Optional parameter is optional in Spring and typed by its argument; the document has a required string	yes
1.37.8	none	gate-clouddriver/32	gate	clouddriver	GET	/credentials	/_calls/clouddriver/credentials	com.netflix.spinnaker.gate.services.internal.ClouddriverService	request	params	BREAK	prim-mismatch	$.params.expand	boolean	string	projection defect	clouddriver-web CredentialsController.listAccountCredentials(@RequestParam Optional<Boolean> expand): an Optional parameter is optional in Spring and typed by its argument; the document has a required string	yes
1.37.8	none	gate-clouddriver/33	gate	clouddriver	POST	/credentials	/_calls/clouddriver/credentials	com.netflix.spinnaker.gate.services.internal.ClouddriverService	response	response	BREAK	nullable-response-widening	$	object(open){name:string, type:string}	nullable(object(open){name:string})	projection defect	"D8: the caller's field carries no nullability annotation and is projected non-nullable (""unknown""), while the provider marks it nullable (object(open){name:string, type:string} vs nullable(object(open){name:string}))"	yes
1.37.8	none	gate-clouddriver/34	gate	clouddriver	PUT	/credentials	/_calls/clouddriver/credentials	com.netflix.spinnaker.gate.services.internal.ClouddriverService	response	response	BREAK	nullable-response-widening	$	object(open){name:string, type:string}	nullable(object(open){name:string})	projection defect	"D8: the caller's field carries no nullability annotation and is projected non-nullable (""unknown""), while the provider marks it nullable (object(open){name:string, type:string} vs nullable(object(open){name:string}))"	yes
1.37.8	none	gate-clouddriver/35	gate	clouddriver	GET	/credentials/type/{accountType}	/_calls/clouddriver/credentials/type/{type}	com.netflix.spinnaker.gate.services.internal.ClouddriverService	response	response	BREAK	nullable-response-widening	$[*]	object(open){name:string, type:string}	nullable(object(open){name:string})	projection defect	"D8: the caller's field carries no nullability annotation and is projected non-nullable (""unknown""), while the provider marks it nullable (object(open){name:string, type:string} vs nullable(object(open){name:string}))"	yes
1.37.8	none	gate-clouddriver/39	gate	clouddriver	GET	/dockerRegistry/images/tags	/_calls/clouddriver/{provider}/images/tags	com.netflix.spinnaker.gate.services.internal.ClouddriverService	request	params	BREAK	REQ.2	$.params.account	optional string	required string	real inconsistency	declared: the provider requires params.account; the caller declares it optional (a Retrofit @Query/@Header is omitted when null; G1 decisions.md 5)	yes
1.37.8	none	gate-clouddriver/39	gate	clouddriver	GET	/dockerRegistry/images/tags	/_calls/clouddriver/{provider}/images/tags	com.netflix.spinnaker.gate.services.internal.ClouddriverService	request	params	BREAK	REQ.2	$.params.repository	optional string	required string	real inconsistency	declared: the provider requires params.repository; the caller declares it optional (a Retrofit @Query/@Header is omitted when null; G1 decisions.md 5)	yes
1.37.8	none	gate-clouddriver/43	gate	clouddriver	GET	/ecs/images/find	/_calls/clouddriver/{provider}/images/find	com.netflix.spinnaker.gate.services.internal.ClouddriverService	request	params	BREAK	REQ.2	$.params.q	optional string	required string	real inconsistency	declared: the provider requires params.q; the caller declares it optional (a Retrofit @Query/@Header is omitted when null; G1 decisions.md 5)	yes
1.37.8	none	gate-clouddriver/54	gate	clouddriver	GET	/networks	/_calls/clouddriver/networks	com.netflix.spinnaker.gate.services.internal.ClouddriverService	response	response	BREAK	kind-mismatch	$	object(open){}	map(string,array(object(open){account:string, cloudProvider:string, id:string, name:string, region:string}))	checker limitation	object against map: object(open){} vs map(string,array(object(open){account:string, cloudProvider:string, id:string, name:string, region:string})); a JSON object either way, the checker compares kinds	yes
1.37.8	none	gate-clouddriver/62	gate	clouddriver	GET	/search	/_calls/clouddriver/search	com.netflix.spinnaker.gate.services.internal.ClouddriverService	request	params	BREAK	REQ.2	$.params	optional object(open){platform:string, q:string, type:string, page:integer(int32), pageSize:integer(int32)}	required object(open){page:integer(int32), pageSize:integer(int32), platform:string, q:string, type*:array(string)}	real inconsistency	declared: the provider requires params; the caller declares it optional (a Retrofit @Query/@Header is omitted when null; G1 decisions.md 5)	yes
1.37.8	none	gate-clouddriver/62	gate	clouddriver	GET	/search	/_calls/clouddriver/search	com.netflix.spinnaker.gate.services.internal.ClouddriverService	request	params	BREAK	REQ.2	$.params.type	optional string	required array(string)	real inconsistency	declared: the provider requires params.type; the caller declares it optional (a Retrofit @Query/@Header is omitted when null; G1 decisions.md 5)	yes
1.37.8	none	gate-clouddriver/62	gate	clouddriver	GET	/search	/_calls/clouddriver/search	com.netflix.spinnaker.gate.services.internal.ClouddriverService	request	params	BREAK	kind-mismatch	$.params.type	string	array(string)	projection defect	query parameter arity: string against array(string); Spring binds repeated or comma-separated values to both a String and a List parameter, and the extractor types parameters by their Java type (G1 decisions.md 8)	yes
1.37.8	none	gate-clouddriver/63	gate	clouddriver	GET	/securityGroups	/_calls/clouddriver/securityGroups	com.netflix.spinnaker.gate.services.internal.ClouddriverService	response	response	BREAK	kind-mismatch	$	object(open){}	map(string,map(string,map(string,array(object(open){id:string, moniker:object(open){app:string, cluster:string, detail:string, sequence:integer(int32), stack:string}, name:string}))))	checker limitation	object against map: object(open){} vs map(string,map(string,map(string,array(object(open){id:string, moniker:object(open){app:string, cluster:string, detail:string, sequence:integer(int32), stack:string}, name:string})))); a JSON object either way, the checker compares kinds	yes
1.37.8	none	gate-clouddriver/64	gate	clouddriver	GET	/securityGroups/{account}/{cloudProvider}	/_calls/clouddriver/securityGroups/{account}/{type}	com.netflix.spinnaker.gate.services.internal.ClouddriverService	response	response	BREAK	kind-mismatch	$	object(open){}	map(string,array(object(open){id:string, moniker:object(open){sequence:integer(int32), stack:string, app:string, cluster:string, detail:string}, name:string}))	projection defect	same-key collision: the provider maps two handlers on GET /securityGroups/{account}/{cloudProvider} and the document keeps one (GET /securityGroups/{account}/{cloudProvider} (com.netflix.spinnaker.clouddriver.controllers.SecurityGroupController.listByAccountAndCloudProviderAndRegion); CLAIM-G1-009)	yes
1.37.8	none	gate-clouddriver/67	gate	clouddriver	GET	/servicebroker/{account}/serviceInstance	/_calls/clouddriver/servicebroker/{account}/serviceInstance	com.netflix.spinnaker.gate.services.internal.ClouddriverService	request	params	BREAK	REQ.2	$.params.cloudProvider	optional string	required string	real inconsistency	declared: the provider requires params.cloudProvider; the caller declares it optional (a Retrofit @Query/@Header is omitted when null; G1 decisions.md 5)	yes
1.37.8	none	gate-clouddriver/67	gate	clouddriver	GET	/servicebroker/{account}/serviceInstance	/_calls/clouddriver/servicebroker/{account}/serviceInstance	com.netflix.spinnaker.gate.services.internal.ClouddriverService	request	params	BREAK	REQ.2	$.params.region	optional string	required string	real inconsistency	declared: the provider requires params.region; the caller declares it optional (a Retrofit @Query/@Header is omitted when null; G1 decisions.md 5)	yes
1.37.8	none	gate-clouddriver/67	gate	clouddriver	GET	/servicebroker/{account}/serviceInstance	/_calls/clouddriver/servicebroker/{account}/serviceInstance	com.netflix.spinnaker.gate.services.internal.ClouddriverService	request	params	BREAK	REQ.2	$.params.serviceInstanceName	optional string	required string	real inconsistency	declared: the provider requires params.serviceInstanceName; the caller declares it optional (a Retrofit @Query/@Header is omitted when null; G1 decisions.md 5)	yes
1.37.8	none	gate-clouddriver/68	gate	clouddriver	GET	/servicebroker/{account}/services	/_calls/clouddriver/servicebroker/{account}/services	com.netflix.spinnaker.gate.services.internal.ClouddriverService	request	params	BREAK	REQ.2	$.params.cloudProvider	optional string	required string	real inconsistency	declared: the provider requires params.cloudProvider; the caller declares it optional (a Retrofit @Query/@Header is omitted when null; G1 decisions.md 5)	yes
1.37.8	none	gate-clouddriver/68	gate	clouddriver	GET	/servicebroker/{account}/services	/_calls/clouddriver/servicebroker/{account}/services	com.netflix.spinnaker.gate.services.internal.ClouddriverService	request	params	BREAK	REQ.2	$.params.region	optional string	required string	real inconsistency	declared: the provider requires params.region; the caller declares it optional (a Retrofit @Query/@Header is omitted when null; G1 decisions.md 5)	yes
1.37.8	none	gate-clouddriver/76	gate	clouddriver	GET	/titus/images/tags	/_calls/clouddriver/{provider}/images/tags	com.netflix.spinnaker.gate.services.internal.ClouddriverService	request	params	BREAK	REQ.2	$.params.account	optional string	required string	real inconsistency	declared: the provider requires params.account; the caller declares it optional (a Retrofit @Query/@Header is omitted when null; G1 decisions.md 5)	yes
1.37.8	none	gate-clouddriver/76	gate	clouddriver	GET	/titus/images/tags	/_calls/clouddriver/{provider}/images/tags	com.netflix.spinnaker.gate.services.internal.ClouddriverService	request	params	BREAK	REQ.2	$.params.repository	optional string	required string	real inconsistency	declared: the provider requires params.repository; the caller declares it optional (a Retrofit @Query/@Header is omitted when null; G1 decisions.md 5)	yes
1.37.8	none	gate-echo/3	gate	echo	GET	/pubsub/subscriptions	/_calls/echo/pubsub/subscriptions	com.netflix.spinnaker.gate.services.internal.EchoService	response	response	BREAK	kind-mismatch	$[*]	map(string,string)	object(open){subscriptionName:string, pubsubSystem:string}	checker limitation	object against map: map(string,string) vs object(open){subscriptionName:string, pubsubSystem:string}; a JSON object either way, the checker compares kinds	yes
1.37.8	none	gate-echo/5	gate	echo	GET	/validateCronExpression	/_calls/echo/validateCronExpression	com.netflix.spinnaker.gate.services.internal.EchoService	request	params	BREAK	REQ.2	$.params	optional object(open){cronExpression:string}	required object(open){cronExpression*:string}	real inconsistency	declared: the provider requires params; the caller declares it optional (a Retrofit @Query/@Header is omitted when null; G1 decisions.md 5)	yes
1.37.8	none	gate-echo/5	gate	echo	GET	/validateCronExpression	/_calls/echo/validateCronExpression	com.netflix.spinnaker.gate.services.internal.EchoService	request	params	BREAK	REQ.2	$.params.cronExpression	optional string	required string	real inconsistency	declared: the provider requires params.cronExpression; the caller declares it optional (a Retrofit @Query/@Header is omitted when null; G1 decisions.md 5)	yes
1.37.8	none	gate-echo/7	gate	echo	POST	/webhooks/{type}/{source}	/_calls/echo/webhooks/{type}/{source}	com.netflix.spinnaker.gate.services.internal.EchoService	request	body	BREAK	kind-mismatch	$.body	object(open){}	string	projection defect	@RequestBody String: Spring reads the raw text of any payload into it, and the document declares a JSON string, so the caller's object(open){} is refused	yes
1.37.8	none	gate-igor/2	gate	igor	GET	/artifacts/{provider}/{name}	/_calls/igor/artifacts/{provider}/{packageName}	com.netflix.spinnaker.gate.services.internal.IgorService	request	params	BREAK	kind-mismatch	$.params.releaseStatus	string	array(string)	projection defect	query parameter arity: string against array(string); Spring binds repeated or comma-separated values to both a String and a List parameter, and the extractor types parameters by their Java type (G1 decisions.md 8)	yes
1.37.8	none	gate-igor/5	gate	igor	GET	/builds/status/{buildNumber}/{master}/**	/_calls/igor/builds/status/{number}/{buildMaster}/{job}	com.netflix.spinnaker.gate.services.internal.IgorService	request	params	BREAK	prim-mismatch	$.params.buildNumber	string	integer(int64)	real inconsistency	declared: the caller passes string where the provider converts to integer(int64)	yes
1.37.8	none	gate-igor/18	gate	igor	GET	/masters	/_calls/igor/masters	com.netflix.spinnaker.gate.services.internal.IgorService	request	params	BREAK	REQ.1	$.params	<absent>	object(open){type*:string}	real inconsistency	declared: the provider requires params (object(open){type*:string}), which the caller never sends	yes
1.37.8	none	gate-kayenta/5	gate	kayenta	GET	/canaryConfig	/_calls/kayenta/canaryConfig	com.netflix.spinnaker.gate.services.internal.KayentaService	request	params	BREAK	kind-mismatch	$.params.application	string	array(string)	projection defect	query parameter arity: string against array(string); Spring binds repeated or comma-separated values to both a String and a List parameter, and the extractor types parameters by their Java type (G1 decisions.md 8)	yes
1.37.8	none	gate-orca/5	gate	orca	POST	/concourse/stage/start	/_calls/orca/concourse/stage/start	com.netflix.spinnaker.gate.services.internal.OrcaService	request	params	BREAK	REQ.2	$.params	optional object(open){buildNumber:integer(int32), job:string, stageId:string}	required object(open){buildNumber*:integer(int32), job*:string, stageId*:string}	real inconsistency	declared: the provider requires params; the caller declares it optional (a Retrofit @Query/@Header is omitted when null; G1 decisions.md 5)	yes
1.37.8	none	gate-orca/5	gate	orca	POST	/concourse/stage/start	/_calls/orca/concourse/stage/start	com.netflix.spinnaker.gate.services.internal.OrcaService	request	params	BREAK	REQ.2	$.params.buildNumber	optional integer(int32)	required integer(int32)	real inconsistency	declared: the provider requires params.buildNumber; the caller declares it optional (a Retrofit @Query/@Header is omitted when null; G1 decisions.md 5)	yes
1.37.8	none	gate-orca/5	gate	orca	POST	/concourse/stage/start	/_calls/orca/concourse/stage/start	com.netflix.spinnaker.gate.services.internal.OrcaService	request	params	BREAK	REQ.2	$.params.job	optional string	required string	real inconsistency	declared: the provider requires params.job; the caller declares it optional (a Retrofit @Query/@Header is omitted when null; G1 decisions.md 5)	yes
1.37.8	none	gate-orca/5	gate	orca	POST	/concourse/stage/start	/_calls/orca/concourse/stage/start	com.netflix.spinnaker.gate.services.internal.OrcaService	request	params	BREAK	REQ.2	$.params.stageId	optional string	required string	real inconsistency	declared: the provider requires params.stageId; the caller declares it optional (a Retrofit @Query/@Header is omitted when null; G1 decisions.md 5)	yes
1.37.8	none	gate-orca/8	gate	orca	POST	/ops	/_calls/orca/ops	com.netflix.spinnaker.gate.services.internal.OrcaService	request	body	BREAK	kind-mismatch	$.body	object(open){}	array(object(open){})	projection defect	same-key collision: the provider maps two handlers on POST /ops and the document keeps one (POST /ops (com.netflix.spinnaker.orca.controllers.OperationsController.ops); CLAIM-G1-009)	yes
1.37.8	none	gate-orca/8	gate	orca	POST	/ops	/_calls/orca/ops	com.netflix.spinnaker.gate.services.internal.OrcaService	response	response	BREAK	kind-mismatch	$	object(open){}	map(string,string)	projection defect	same-key collision: the provider maps two handlers on POST /ops and the document keeps one (POST /ops (com.netflix.spinnaker.orca.controllers.OperationsController.ops); CLAIM-G1-009)	yes
1.37.8	none	gate-orca/10	gate	orca	GET	/pipelineTemplate	/_calls/orca/pipelineTemplate	com.netflix.spinnaker.gate.services.internal.OrcaService	request	params	BREAK	REQ.2	$.params	optional object(open){source:string, executionId:string, pipelineConfigId:string}	required object(open){source*:string, executionId:string, pipelineConfigId:string}	real inconsistency	declared: the provider requires params; the caller declares it optional (a Retrofit @Query/@Header is omitted when null; G1 decisions.md 5)	yes
1.37.8	none	gate-orca/10	gate	orca	GET	/pipelineTemplate	/_calls/orca/pipelineTemplate	com.netflix.spinnaker.gate.services.internal.OrcaService	request	params	BREAK	REQ.2	$.params.source	optional string	required string	real inconsistency	declared: the provider requires params.source; the caller declares it optional (a Retrofit @Query/@Header is omitted when null; G1 decisions.md 5)	yes
1.37.8	none	gate-orca/15	gate	orca	GET	/pipelines/{id}/evaluateExpression	/_calls/orca/pipelines/{id}/evaluateExpression	com.netflix.spinnaker.gate.services.internal.OrcaService	request	params	BREAK	REQ.2	$.params.expression	optional string	required string	real inconsistency	declared: the provider requires params.expression; the caller declares it optional (a Retrofit @Query/@Header is omitted when null; G1 decisions.md 5)	yes
1.37.8	none	gate-orca/16	gate	orca	POST	/pipelines/{id}/evaluateVariables	/_calls/orca/pipelines/{id}/evaluateVariables	com.netflix.spinnaker.gate.services.internal.OrcaService	request	params	BREAK	REQ.2	$.params.requisiteStageRefIds	optional string	required string	real inconsistency	declared: the provider requires params.requisiteStageRefIds; the caller declares it optional (a Retrofit @Query/@Header is omitted when null; G1 decisions.md 5)	yes
1.37.8	none	gate-orca/16	gate	orca	POST	/pipelines/{id}/evaluateVariables	/_calls/orca/pipelines/{id}/evaluateVariables	com.netflix.spinnaker.gate.services.internal.OrcaService	request	params	BREAK	REQ.2	$.params.spelVersion	optional string	required string	real inconsistency	declared: the provider requires params.spelVersion; the caller declares it optional (a Retrofit @Query/@Header is omitted when null; G1 decisions.md 5)	yes
1.37.8	none	gate-orca/21	gate	orca	GET	/pipelines/{id}/{stageId}/evaluateExpression	/_calls/orca/pipelines/{id}/{stageId}/evaluateExpression	com.netflix.spinnaker.gate.services.internal.OrcaService	request	params	BREAK	REQ.2	$.params.expression	optional string	required string	real inconsistency	declared: the provider requires params.expression; the caller declares it optional (a Retrofit @Query/@Header is omitted when null; G1 decisions.md 5)	yes
1.37.8	none	gate-orca/23	gate	orca	PUT	/tasks/cancel	/_calls/orca/tasks/cancel	com.netflix.spinnaker.gate.services.internal.OrcaService	response	response	BREAK	presence-mismatch	$	object(open){}	<nil>	real inconsistency	declared: the caller reads a object(open){} body; the provider sends none (orca-web TaskController.cancelTasks: void, @ResponseStatus(ACCEPTED))	yes
1.37.8	none	gate-orca/24	gate	orca	DELETE	/tasks/{id}	/_calls/orca/tasks/{id}	com.netflix.spinnaker.gate.services.internal.OrcaService	response	response	BREAK	presence-mismatch	$	object(open){}	<nil>	real inconsistency	declared: the caller reads a object(open){} body; the provider sends none (orca-web TaskController.deleteTask: void)	yes
1.37.8	none	gate-orca/26	gate	orca	PUT	/tasks/{id}/cancel	/_calls/orca/tasks/{id}/cancel	com.netflix.spinnaker.gate.services.internal.OrcaService	response	response	BREAK	presence-mismatch	$	object(open){}	<nil>	real inconsistency	declared: the caller reads a object(open){} body; the provider sends none (orca-web TaskController.cancelTask: void, @ResponseStatus(ACCEPTED))	yes
1.37.8	none	gate-rosco/3	gate	rosco	GET	/bakeOptions/{cloudProvider}	/_calls/rosco/bakeOptions/{cloudProvider}	com.netflix.spinnaker.gate.services.internal.RoscoService	request	params	BREAK	enum-request-narrowing	$.params.cloudProvider	string	enum{alicloud,aws,azure,docker,gce,huaweicloud,oracle,tencentcloud}	real inconsistency	declared: the caller passes any string where the provider converts to enum{alicloud,aws,azure,docker,gce,huaweicloud,oracle,tencentcloud}	yes
1.37.8	none	igor-clouddriver/2	igor	clouddriver	PUT	/artifacts/fetch	/_calls/clouddriver/artifacts/fetch	com.netflix.spinnaker.igor.helm.accounts.HelmAccountsService	request	body	BREAK	kind-mismatch	$.body	map(string,string)	object(open){provenance:string, artifactAccount:string, name:string, reference:string, version:string, type:string, uuid:string, customKind:boolean, location:string, metadata:object(open){}}	checker limitation	object against map: map(string,string) vs object(open){provenance:string, artifactAccount:string, name:string, reference:string, version:string, type:string, uuid:string, customKind:boolean, location:string, metadata:object(open){}}; the wire shape agrees, the checker compares kinds	yes
1.37.8	none	igor-clouddriver/2	igor	clouddriver	PUT	/artifacts/fetch	/_calls/clouddriver/artifacts/fetch	com.netflix.spinnaker.igor.helm.accounts.HelmAccountsService	response	response	BREAK	presence-mismatch	$	string	<nil>	opaque response	D6: the provider streams a non-JSON body (clouddriver-web ArtifactController.fetch: StreamingResponseBody) that the caller reads as string	yes
1.37.8	none	igor-clouddriver/3	igor	clouddriver	GET	/credentials	/_calls/clouddriver/credentials	com.netflix.spinnaker.igor.docker.service.ClouddriverService	request	params	BREAK	REQ.1	$.params	<absent>	object(open){expand*:string}	projection defect	clouddriver-web CredentialsController.listAccountCredentials(@RequestParam Optional<Boolean> expand): an Optional parameter is optional in Spring and typed by its argument; the document has a required string	yes
1.37.8	none	igor-echo/1	igor	echo	POST	/	/_calls/echo/	com.netflix.spinnaker.igor.history.EchoService	response	response	BREAK	presence-mismatch	$	string	<nil>	real inconsistency	declared: the caller reads a string body; the provider sends none (echo-web HistoryController.saveHistory(@RequestBody Event): void)	yes
1.37.8	none	orca-clouddriver/21	orca	clouddriver	GET	/credentials	/_calls/clouddriver/credentials	com.netflix.spinnaker.orca.clouddriver.OortService	request	params	BREAK	REQ.2	$.params	optional object(open){expand:boolean}	required object(open){expand*:string}	projection defect	clouddriver-web CredentialsController.listAccountCredentials(@RequestParam Optional<Boolean> expand): an Optional parameter is optional in Spring and typed by its argument; the document has a required string	yes
1.37.8	none	orca-clouddriver/21	orca	clouddriver	GET	/credentials	/_calls/clouddriver/credentials	com.netflix.spinnaker.orca.clouddriver.OortService	request	params	BREAK	REQ.2	$.params.expand	optional boolean	required string	projection defect	clouddriver-web CredentialsController.listAccountCredentials(@RequestParam Optional<Boolean> expand): an Optional parameter is optional in Spring and typed by its argument; the document has a required string	yes
1.37.8	none	orca-clouddriver/21	orca	clouddriver	GET	/credentials	/_calls/clouddriver/credentials	com.netflix.spinnaker.orca.clouddriver.OortService	request	params	BREAK	prim-mismatch	$.params.expand	boolean	string	projection defect	clouddriver-web CredentialsController.listAccountCredentials(@RequestParam Optional<Boolean> expand): an Optional parameter is optional in Spring and typed by its argument; the document has a required string	yes
1.37.8	none	orca-clouddriver/24	orca	clouddriver	GET	/ecs/images/find	/_calls/clouddriver/{cloudProvider}/images/find	com.netflix.spinnaker.orca.clouddriver.OortService	request	params	BREAK	REQ.2	$.params.q	optional string	required string	real inconsistency	declared: the provider requires params.q; the caller declares it optional (a Retrofit @Query/@Header is omitted when null; G1 decisions.md 5)	yes
1.37.8	none	orca-clouddriver/29	orca	clouddriver	GET	/manifests/{account}/_/{name}	/_calls/clouddriver/manifests/{account}/_/{manifest}	com.netflix.spinnaker.orca.clouddriver.OortService	response	response	BREAK	nullable-response-widening	$.status.failed.message	string	nullable(string)	projection defect	"D8: the caller's field carries no nullability annotation and is projected non-nullable (""unknown""), while the provider marks it nullable (string vs nullable(string))"	yes
1.37.8	none	orca-clouddriver/29	orca	clouddriver	GET	/manifests/{account}/_/{name}	/_calls/clouddriver/manifests/{account}/_/{manifest}	com.netflix.spinnaker.orca.clouddriver.OortService	response	response	BREAK	nullable-response-widening	$.status.stable.message	string	nullable(string)	projection defect	"D8: the caller's field carries no nullability annotation and is projected non-nullable (""unknown""), while the provider marks it nullable (string vs nullable(string))"	yes
1.37.8	none	orca-clouddriver/29	orca	clouddriver	GET	/manifests/{account}/_/{name}	/_calls/clouddriver/manifests/{account}/_/{manifest}	com.netflix.spinnaker.orca.clouddriver.OortService	response	response	BREAK	kind-mismatch	$.warnings[*]	string	object(open){message:string, type:string}	real inconsistency	declared: the caller reads string where the provider returns object(open){message:string, type:string}	yes
1.37.8	none	orca-clouddriver/30	orca	clouddriver	GET	/manifests/{account}/{location}/{name}	/_calls/clouddriver/manifests/{account}/{location}/{manifest}	com.netflix.spinnaker.orca.clouddriver.OortService	response	response	BREAK	nullable-response-widening	$.status.failed.message	string	nullable(string)	projection defect	"D8: the caller's field carries no nullability annotation and is projected non-nullable (""unknown""), while the provider marks it nullable (string vs nullable(string))"	yes
1.37.8	none	orca-clouddriver/30	orca	clouddriver	GET	/manifests/{account}/{location}/{name}	/_calls/clouddriver/manifests/{account}/{location}/{manifest}	com.netflix.spinnaker.orca.clouddriver.OortService	response	response	BREAK	nullable-response-widening	$.status.stable.message	string	nullable(string)	projection defect	"D8: the caller's field carries no nullability annotation and is projected non-nullable (""unknown""), while the provider marks it nullable (string vs nullable(string))"	yes
1.37.8	none	orca-clouddriver/30	orca	clouddriver	GET	/manifests/{account}/{location}/{name}	/_calls/clouddriver/manifests/{account}/{location}/{manifest}	com.netflix.spinnaker.orca.clouddriver.OortService	response	response	BREAK	kind-mismatch	$.warnings[*]	string	object(open){type:string, message:string}	real inconsistency	declared: the caller reads string where the provider returns object(open){type:string, message:string}	yes
1.37.8	none	orca-clouddriver/32	orca	clouddriver	GET	/manifests/{account}/{location}/{kind}/cluster/{app}/{cluster}/dynamic/{criteria}	/_calls/clouddriver/manifests/{account}/{location}/{kind}/cluster/{app}/{clusterName}/dynamic/{criteria}	com.netflix.spinnaker.orca.clouddriver.OortService	request	params	BREAK	enum-request-narrowing	$.params.criteria	string	enum{largest,newest,oldest,second_newest,smallest}	real inconsistency	declared: the caller passes any string where the provider converts to enum{largest,newest,oldest,second_newest,smallest}	yes
1.37.8	none	orca-clouddriver/36	orca	clouddriver	GET	/search	/_calls/clouddriver/search	com.netflix.spinnaker.orca.clouddriver.MortService	request	params	BREAK	REQ.2	$.params	optional object(open){q:string, type:string}	required object(open){platform:string, q:string, type*:array(string), page:integer(int32), pageSize:integer(int32)}	real inconsistency	declared: the provider requires params; the caller declares it optional (a Retrofit @Query/@Header is omitted when null; G1 decisions.md 5)	yes
1.37.8	none	orca-clouddriver/36	orca	clouddriver	GET	/search	/_calls/clouddriver/search	com.netflix.spinnaker.orca.clouddriver.MortService	request	params	BREAK	REQ.2	$.params.type	optional string	required array(string)	real inconsistency	declared: the provider requires params.type; the caller declares it optional (a Retrofit @Query/@Header is omitted when null; G1 decisions.md 5)	yes
1.37.8	none	orca-clouddriver/36	orca	clouddriver	GET	/search	/_calls/clouddriver/search	com.netflix.spinnaker.orca.clouddriver.MortService	request	params	BREAK	kind-mismatch	$.params.type	string	array(string)	projection defect	query parameter arity: string against array(string); Spring binds repeated or comma-separated values to both a String and a List parameter, and the extractor types parameters by their Java type (G1 decisions.md 8)	yes
1.37.8	none	orca-clouddriver/39	orca	clouddriver	GET	/servicebroker/{account}/serviceInstance	/_calls/clouddriver/servicebroker/{account}/serviceInstance	com.netflix.spinnaker.orca.clouddriver.OortService	request	params	BREAK	REQ.2	$.params.cloudProvider	optional string	required string	real inconsistency	declared: the provider requires params.cloudProvider; the caller declares it optional (a Retrofit @Query/@Header is omitted when null; G1 decisions.md 5)	yes
1.37.8	none	orca-clouddriver/39	orca	clouddriver	GET	/servicebroker/{account}/serviceInstance	/_calls/clouddriver/servicebroker/{account}/serviceInstance	com.netflix.spinnaker.orca.clouddriver.OortService	request	params	BREAK	REQ.2	$.params.region	optional string	required string	real inconsistency	declared: the provider requires params.region; the caller declares it optional (a Retrofit @Query/@Header is omitted when null; G1 decisions.md 5)	yes
1.37.8	none	orca-clouddriver/39	orca	clouddriver	GET	/servicebroker/{account}/serviceInstance	/_calls/clouddriver/servicebroker/{account}/serviceInstance	com.netflix.spinnaker.orca.clouddriver.OortService	request	params	BREAK	REQ.2	$.params.serviceInstanceName	optional string	required string	real inconsistency	declared: the provider requires params.serviceInstanceName; the caller declares it optional (a Retrofit @Query/@Header is omitted when null; G1 decisions.md 5)	yes
1.37.8	none	orca-front50/27	orca	front50	PUT	/pluginInfo/{id}/releases/{releaseVersion}	/_calls/front50/pluginInfo/{pluginId}/releases/{version}	com.netflix.spinnaker.orca.front50.Front50Service	request	params	BREAK	REQ.2	$.params.preferred	optional boolean	required boolean	projection defect	"orca-front50 Front50Service.setPreferredPluginVersion(@Query(""preferred"") boolean): a primitive @Query is always sent, and the document marks it optional (G1 decisions.md 5)"	yes
1.37.8	none	orca-igor/2	orca	igor	GET	/builds/artifacts/{buildNumber}/{master}	/_calls/igor/builds/artifacts/{buildNumber}/{master}	com.netflix.spinnaker.orca.igor.IgorService	request	params	BREAK	REQ.2	$.params.job	optional string	required string	real inconsistency	declared: the provider requires params.job; the caller declares it optional (a Retrofit @Query/@Header is omitted when null; G1 decisions.md 5)	yes
1.37.8	none	orca-igor/4	orca	igor	GET	/builds/properties/{buildNumber}/{fileName}/{master}	/_calls/igor/builds/properties/{buildNumber}/{fileName}/{master}	com.netflix.spinnaker.orca.igor.IgorService	request	params	BREAK	REQ.2	$.params.job	optional string	required string	real inconsistency	declared: the provider requires params.job; the caller declares it optional (a Retrofit @Query/@Header is omitted when null; G1 decisions.md 5)	yes
1.37.8	none	orca-igor/6	orca	igor	GET	/builds/queue/{master}/{item}	/_calls/igor/builds/queue/{master}/{item}	com.netflix.spinnaker.orca.igor.IgorService	request	params	BREAK	prim-mismatch	$.params.item	string	integer(int64)	real inconsistency	declared: the caller passes string where the provider converts to integer(int64)	yes
1.37.8	none	orca-igor/7	orca	igor	GET	/builds/status/{buildNumber}/{master}	/_calls/igor/builds/status/{buildNumber}/{master}	com.netflix.spinnaker.orca.igor.IgorService	request	params	BREAK	REQ.2	$.params.job	optional string	required string	real inconsistency	declared: the provider requires params.job; the caller declares it optional (a Retrofit @Query/@Header is omitted when null; G1 decisions.md 5)	yes
1.37.8	none	orca-igor/10	orca	igor	POST	/codebuild/builds/start/{account}	/_calls/igor/codebuild/builds/start/{account}	com.netflix.spinnaker.orca.igor.IgorService	response	response	BREAK	kind-mismatch	$.buildStatus	object(open){}	string	checker limitation	an untyped side (D5: an open object) of another JSON kind: object(open){} vs string; the leg is vacuous under the D5 ruling, which assumed such a leg can only pass	yes
1.37.8	none	orca-igor/11	orca	igor	POST	/codebuild/builds/stop/{account}/{buildId}	/_calls/igor/codebuild/builds/stop/{account}/{buildId}	com.netflix.spinnaker.orca.igor.IgorService	response	response	BREAK	kind-mismatch	$.buildStatus	object(open){}	string	checker limitation	an untyped side (D5: an open object) of another JSON kind: object(open){} vs string; the leg is vacuous under the D5 ruling, which assumed such a leg can only pass	yes
1.37.8	none	orca-igor/12	orca	igor	GET	/codebuild/builds/{account}/{buildId}	/_calls/igor/codebuild/builds/{account}/{buildId}	com.netflix.spinnaker.orca.igor.IgorService	response	response	BREAK	kind-mismatch	$.buildStatus	object(open){}	string	checker limitation	an untyped side (D5: an open object) of another JSON kind: object(open){} vs string; the leg is vacuous under the D5 ruling, which assumed such a leg can only pass	yes
1.37.8	none	orca-igor/13	orca	igor	GET	/delivery-config/manifest	/_calls/igor/delivery-config/manifest	com.netflix.spinnaker.orca.igor.IgorService	request	params	BREAK	REQ.2	$.params	optional object(open){scmType:string, directory:string, manifest:string, project:string, ref:string, repository:string}	required object(open){repository*:string, scmType*:string, directory:string, manifest*:string, project*:string, raw:boolean, ref:string}	real inconsistency	declared: the provider requires params; the caller declares it optional (a Retrofit @Query/@Header is omitted when null; G1 decisions.md 5)	yes
1.37.8	none	orca-igor/13	orca	igor	GET	/delivery-config/manifest	/_calls/igor/delivery-config/manifest	com.netflix.spinnaker.orca.igor.IgorService	request	params	BREAK	REQ.2	$.params.manifest	optional string	required string	real inconsistency	declared: the provider requires params.manifest; the caller declares it optional (a Retrofit @Query/@Header is omitted when null; G1 decisions.md 5)	yes
1.37.8	none	orca-igor/13	orca	igor	GET	/delivery-config/manifest	/_calls/igor/delivery-config/manifest	com.netflix.spinnaker.orca.igor.IgorService	request	params	BREAK	REQ.2	$.params.project	optional string	required string	real inconsistency	declared: the provider requires params.project; the caller declares it optional (a Retrofit @Query/@Header is omitted when null; G1 decisions.md 5)	yes
1.37.8	none	orca-igor/13	orca	igor	GET	/delivery-config/manifest	/_calls/igor/delivery-config/manifest	com.netflix.spinnaker.orca.igor.IgorService	request	params	BREAK	REQ.2	$.params.repository	optional string	required string	real inconsistency	declared: the provider requires params.repository; the caller declares it optional (a Retrofit @Query/@Header is omitted when null; G1 decisions.md 5)	yes
1.37.8	none	orca-igor/13	orca	igor	GET	/delivery-config/manifest	/_calls/igor/delivery-config/manifest	com.netflix.spinnaker.orca.igor.IgorService	request	params	BREAK	REQ.2	$.params.scmType	optional string	required string	real inconsistency	declared: the provider requires params.scmType; the caller declares it optional (a Retrofit @Query/@Header is omitted when null; G1 decisions.md 5)	yes
1.37.8	none	orca-igor/14	orca	igor	POST	/gcb/builds/create/{account}	/_calls/igor/gcb/builds/create/{account}	com.netflix.spinnaker.orca.igor.IgorService	request	body	BREAK	kind-mismatch	$.body	object(open){}	string	projection defect	@RequestBody String: Spring reads the raw text of any payload into it, and the document declares a JSON string, so the caller's object(open){} is refused	yes
1.37.8	none	orca-igor/18	orca	igor	POST	/gcb/triggers/{account}/{triggerId}/run	/_calls/igor/gcb/triggers/{account}/{triggerId}/run	com.netflix.spinnaker.orca.igor.IgorService	request	body	BREAK	kind-mismatch	$.body	object(open){branchName:string, commitSha:string, tagName:string}	string	projection defect	@RequestBody String: Spring reads the raw text of any payload into it, and the document declares a JSON string, so the caller's object(open){branchName:string, commitSha:string, tagName:string} is refused	yes
1.37.8	none	orca-igor/20	orca	igor	GET	/gitlab/{projectKey}/{repositorySlug}/compareCommits	/_calls/igor/{repoType}/{projectKey}/{repositorySlug}/compareCommits	com.netflix.spinnaker.orca.igor.IgorService	response	response	BREAK	kind-mismatch	$	object(open){}	array(object(open){})	checker limitation	an untyped side (D5: an open object) of another JSON kind: object(open){} vs array(object(open){}); the leg is vacuous under the D5 ruling, which assumed such a leg can only pass	yes
1.37.8	none	orca-igor/23	orca	igor	PUT	/masters/{master}/jobs/stop/{queuedBuild}/{buildNumber}	/_calls/igor/masters/{name}/jobs/stop/{queuedBuild}/{buildNumber}	com.netflix.spinnaker.orca.igor.IgorService	request	params	BREAK	REQ.2	$.params.jobName	optional string	required string	real inconsistency	declared: the provider requires params.jobName; the caller declares it optional (a Retrofit @Query/@Header is omitted when null; G1 decisions.md 5)	yes
1.37.8	none	orca-kayenta/1	orca	kayenta	GET	/canary/{canaryExecutionId}	/_calls/kayenta/canary/{canaryExecutionId}	com.netflix.spinnaker.orca.kayenta.KayentaService	response	response	BREAK	prim-mismatch	$.canaryExecutionRequest.thresholds.marginal	integer(int32)	number(double)	real inconsistency	declared: the caller reads integer(int32) where the provider returns number(double)	yes
1.37.8	none	orca-kayenta/1	orca	kayenta	GET	/canary/{canaryExecutionId}	/_calls/kayenta/canary/{canaryExecutionId}	com.netflix.spinnaker.orca.kayenta.KayentaService	response	response	BREAK	prim-mismatch	$.canaryExecutionRequest.thresholds.pass	integer(int32)	number(double)	real inconsistency	declared: the caller reads integer(int32) where the provider returns number(double)	yes
1.37.8	none	orca-kayenta/1	orca	kayenta	GET	/canary/{canaryExecutionId}	/_calls/kayenta/canary/{canaryExecutionId}	com.netflix.spinnaker.orca.kayenta.KayentaService	response	response	BREAK	prim-mismatch	$.result.judgeResult.score.score	integer(int32)	number(double)	real inconsistency	declared: the caller reads integer(int32) where the provider returns number(double)	yes
1.37.8	none	orca-kayenta/2	orca	kayenta	POST	/canary/{canaryConfigId}	/_calls/kayenta/canary/{canaryConfigId}	com.netflix.spinnaker.orca.kayenta.KayentaService	request	body	WARN	format-change	$.body.thresholds.marginal	integer(int32)	number(double)	warning	WARN only (format-change): the baseline gate inside check/mss counts BREAKs alone (main.go:469)	no
1.37.8	none	orca-kayenta/2	orca	kayenta	POST	/canary/{canaryConfigId}	/_calls/kayenta/canary/{canaryConfigId}	com.netflix.spinnaker.orca.kayenta.KayentaService	request	body	WARN	format-change	$.body.thresholds.pass	integer(int32)	number(double)	warning	WARN only (format-change): the baseline gate inside check/mss counts BREAKs alone (main.go:469)	no
1.37.8	none	orca-kayenta/5	orca	kayenta	PUT	/pipelines/{executionId}/cancel	/_calls/kayenta/pipelines/{executionId}/cancel	com.netflix.spinnaker.orca.kayenta.KayentaService	response	response	BREAK	presence-mismatch	$	object(open){}	<nil>	real inconsistency	declared: the caller reads a object(open){} body; the provider sends none (kayenta-orca PipelineController.cancel: void, @ResponseStatus(ACCEPTED))	yes
1.37.8	none	orca-rosco/6	orca	rosco	GET	/bakeOptions/{cloudProvider}/baseImages/{imageId}	/_calls/rosco/bakeOptions/{cloudProvider}/baseImages/{imageId}	com.netflix.spinnaker.orca.bakery.api.BakeryService	request	params	BREAK	enum-request-narrowing	$.params.cloudProvider	string	enum{alicloud,aws,azure,docker,gce,huaweicloud,oracle,tencentcloud}	real inconsistency	declared: the caller passes any string where the provider converts to enum{alicloud,aws,azure,docker,gce,huaweicloud,oracle,tencentcloud}	yes
