name	caller	provider	verb	provider_mpath	boms	first	last	membership	spellings	how	caller_opaque	collision_boms
clouddriver-front50/1	clouddriver	front50	POST	/snapshots	50	1.30.0	1.38.0	xxxxxxxxxxxxxxxxxxxxxxxxxxxxxxxxxxxxxxxxxxxxxxxxxx	/snapshots @1.30.0..1.38.0	exact	oooooooooooooooooooooooooooooooooooooooooooooooooo	
clouddriver-front50/2	clouddriver	front50	GET	/snapshots/{}/{}	50	1.30.0	1.38.0	xxxxxxxxxxxxxxxxxxxxxxxxxxxxxxxxxxxxxxxxxxxxxxxxxx	/snapshots/{id}/{timestamp} @1.30.0..1.38.0	exact	tttttttttttttttttttttttttttttttttttttttttttttttttt	
clouddriver-front50/3	clouddriver	front50	GET	/v2/applications	50	1.30.0	1.38.0	xxxxxxxxxxxxxxxxxxxxxxxxxxxxxxxxxxxxxxxxxxxxxxxxxx	/v2/applications @1.30.0..1.38.0	exact	tttttttttttttttttttttttttttttttttttttttttttttttttt	
clouddriver-front50/4	clouddriver	front50	GET	/v2/applications/{}	50	1.30.0	1.38.0	xxxxxxxxxxxxxxxxxxxxxxxxxxxxxxxxxxxxxxxxxxxxxxxxxx	/v2/applications/{applicationName} @1.30.0..1.38.0	exact	tttttttttttttttttttttttttttttttttttttttttttttttttt	
clouddriver-front50/5	clouddriver	front50	GET	/v2/pipelineTemplates	50	1.30.0	1.38.0	xxxxxxxxxxxxxxxxxxxxxxxxxxxxxxxxxxxxxxxxxxxxxxxxxx	/v2/pipelineTemplates @1.30.0..1.38.0	exact	tttttttttttttttttttttttttttttttttttttttttttttttttt	
clouddriver-front50/6	clouddriver	front50	GET	/v2/pipelineTemplates/{}	50	1.30.0	1.38.0	xxxxxxxxxxxxxxxxxxxxxxxxxxxxxxxxxxxxxxxxxxxxxxxxxx	/v2/pipelineTemplates/{id} @1.30.0..1.38.0	exact	tttttttttttttttttttttttttttttttttttttttttttttttttt	
clouddriver-front50/7	clouddriver	front50	GET	/v2/projects	50	1.30.0	1.38.0	xxxxxxxxxxxxxxxxxxxxxxxxxxxxxxxxxxxxxxxxxxxxxxxxxx	/v2/projects @1.30.0..1.38.0	exact	tttttttttttttttttttttttttttttttttttttttttttttttttt	
clouddriver-front50/8	clouddriver	front50	GET	/v2/projects/{}	50	1.30.0	1.38.0	xxxxxxxxxxxxxxxxxxxxxxxxxxxxxxxxxxxxxxxxxxxxxxxxxx	/v2/projects/{projectId} @1.30.0..1.38.0	exact	tttttttttttttttttttttttttttttttttttttttttttttttttt	
clouddriver-front50/9	clouddriver	front50	GET	/v2/tags	50	1.30.0	1.38.0	xxxxxxxxxxxxxxxxxxxxxxxxxxxxxxxxxxxxxxxxxxxxxxxxxx	/v2/tags @1.30.0..1.38.0	exact	tttttttttttttttttttttttttttttttttttttttttttttttttt	
clouddriver-front50/10	clouddriver	front50	POST	/v2/tags	50	1.30.0	1.38.0	xxxxxxxxxxxxxxxxxxxxxxxxxxxxxxxxxxxxxxxxxxxxxxxxxx	/v2/tags @1.30.0..1.38.0	exact	tttttttttttttttttttttttttttttttttttttttttttttttttt	
clouddriver-front50/11	clouddriver	front50	DELETE	/v2/tags/**	50	1.30.0	1.38.0	xxxxxxxxxxxxxxxxxxxxxxxxxxxxxxxxxxxxxxxxxxxxxxxxxx	/v2/tags/** @1.30.0..1.38.0	template	oooooooooooooooooooooooooooooooooooooooooooooooooo	
clouddriver-front50/12	clouddriver	front50	GET	/v2/tags/**	50	1.30.0	1.38.0	xxxxxxxxxxxxxxxxxxxxxxxxxxxxxxxxxxxxxxxxxxxxxxxxxx	/v2/tags/** @1.30.0..1.38.0	template	tttttttttttttttttttttttttttttttttttttttttttttttttt	
clouddriver-front50/13	clouddriver	front50	POST	/v2/tags/batchUpdate	50	1.30.0	1.38.0	xxxxxxxxxxxxxxxxxxxxxxxxxxxxxxxxxxxxxxxxxxxxxxxxxx	/v2/tags/batchUpdate @1.30.0..1.38.0	exact	tttttttttttttttttttttttttttttttttttttttttttttttttt	
echo-front50/1	echo	front50	GET	/pipelines	50	1.30.0	1.38.0	xxxxxxxxxxxxxxxxxxxxxxxxxxxxxxxxxxxxxxxxxxxxxxxxxx	/pipelines @1.30.0..1.38.0	exact	tttttttttttttttttttttttttttttttttttttttttttttttttt	
echo-front50/2	echo	front50	GET	/pipelines/{}	50	1.30.0	1.38.0	xxxxxxxxxxxxxxxxxxxxxxxxxxxxxxxxxxxxxxxxxxxxxxxxxx	/pipelines/{application} @1.30.0..1.38.0	exact	tttttttttttttttttttttttttttttttttttttttttttttttttt	
echo-front50/3	echo	front50	GET	/pipelines/{}/get	50	1.30.0	1.38.0	xxxxxxxxxxxxxxxxxxxxxxxxxxxxxxxxxxxxxxxxxxxxxxxxxx	/pipelines/{id}/get @1.30.0..1.38.0	exact	tttttttttttttttttttttttttttttttttttttttttttttttttt	
echo-front50/4	echo	front50	GET	/pipelines/{}/name/{}	43	1.31.0	1.38.0	.......xxxxxxxxxxxxxxxxxxxxxxxxxxxxxxxxxxxxxxxxxxx	/pipelines/{application}/name/{name} @1.31.0..1.38.0	exact	.......ttttttttttttttttttttttttttttttttttttttttttt	
echo-igor/1	echo	igor	GET	/artifacts/{}/{}	50	1.30.0	1.38.0	xxxxxxxxxxxxxxxxxxxxxxxxxxxxxxxxxxxxxxxxxxxxxxxxxx	/artifacts/{provider}/{name} @1.30.0..1.38.0	exact	tttttttttttttttttttttttttttttttttttttttttttttttttt	
echo-igor/2	echo	igor	GET	/artifacts/{}/{}/{}	50	1.30.0	1.38.0	xxxxxxxxxxxxxxxxxxxxxxxxxxxxxxxxxxxxxxxxxxxxxxxxxx	/artifacts/{provider}/{name}/{version} @1.30.0..1.38.0	exact	tttttttttttttttttttttttttttttttttttttttttttttttttt	
echo-igor/3	echo	igor	GET	/builds/artifacts/{}/{}	34	1.32.4	1.38.0	...............x.xxxxxxxxxxxxxxxxxxxxxxxxxxxxxxxxx	/builds/artifacts/{buildNumber}/{master} @1.32.4..1.38.0	exact	...............t.ttttttttttttttttttttttttttttttttt	
echo-igor/4	echo	igor	GET	/builds/artifacts/{}/{}/**	50	1.30.0	1.38.0	xxxxxxxxxxxxxxxxxxxxxxxxxxxxxxxxxxxxxxxxxxxxxxxxxx	/builds/artifacts/{buildNumber}/{master}/** @1.30.0..1.38.0	template	tttttttttttttttttttttttttttttttttttttttttttttttttt	
echo-igor/5	echo	igor	GET	/builds/properties/{}/{}/{}	34	1.32.4	1.38.0	...............x.xxxxxxxxxxxxxxxxxxxxxxxxxxxxxxxxx	/builds/properties/{buildNumber}/{fileName}/{master} @1.32.4..1.38.0	exact	...............t.ttttttttttttttttttttttttttttttttt	
echo-igor/6	echo	igor	GET	/builds/properties/{}/{}/{}/**	50	1.30.0	1.38.0	xxxxxxxxxxxxxxxxxxxxxxxxxxxxxxxxxxxxxxxxxxxxxxxxxx	/builds/properties/{buildNumber}/{fileName}/{master}/** @1.30.0..1.38.0	template	tttttttttttttttttttttttttttttttttttttttttttttttttt	
echo-igor/7	echo	igor	GET	/builds/status/{}/{}	34	1.32.4	1.38.0	...............x.xxxxxxxxxxxxxxxxxxxxxxxxxxxxxxxxx	/builds/status/{buildNumber}/{master} @1.32.4..1.38.0	exact	...............t.ttttttttttttttttttttttttttttttttt	
echo-igor/8	echo	igor	GET	/builds/status/{}/{}/**	50	1.30.0	1.38.0	xxxxxxxxxxxxxxxxxxxxxxxxxxxxxxxxxxxxxxxxxxxxxxxxxx	/builds/status/{buildNumber}/{master}/** @1.30.0..1.38.0	template	tttttttttttttttttttttttttttttttttttttttttttttttttt	
echo-igor/9	echo	igor	PUT	/gcb/artifacts/extract/{}	50	1.30.0	1.38.0	xxxxxxxxxxxxxxxxxxxxxxxxxxxxxxxxxxxxxxxxxxxxxxxxxx	/gcb/artifacts/extract/{account} @1.30.0..1.38.0	exact	tttttttttttttttttttttttttttttttttttttttttttttttttt	
echo-igor/10	echo	igor	PUT	/gcb/builds/{}/{}	50	1.30.0	1.38.0	xxxxxxxxxxxxxxxxxxxxxxxxxxxxxxxxxxxxxxxxxxxxxxxxxx	/gcb/builds/{account}/{buildId} @1.30.0..1.38.0	exact	oooooooooooooooooooooooooooooooooooooooooooooooooo	
echo-orca/1	echo	orca	POST	/fail	50	1.30.0	1.38.0	xxxxxxxxxxxxxxxxxxxxxxxxxxxxxxxxxxxxxxxxxxxxxxxxxx	/fail @1.30.0..1.38.0	exact	oooooooooooooooooooooooooooooooooooooooooooooooooo	
echo-orca/2	echo	orca	POST	/orchestrate	50	1.30.0	1.38.0	xxxxxxxxxxxxxxxxxxxxxxxxxxxxxxxxxxxxxxxxxxxxxxxxxx	/orchestrate @1.30.0..1.38.0	exact	tttttttttttttttttttttttttttttttttttttttttttttttttt	
echo-orca/3	echo	orca	GET	/pipelines	50	1.30.0	1.38.0	xxxxxxxxxxxxxxxxxxxxxxxxxxxxxxxxxxxxxxxxxxxxxxxxxx	/pipelines @1.30.0..1.38.0	exact	tttttttttttttttttttttttttttttttttttttttttttttttttt	
echo-orca/4	echo	orca	POST	/plan	50	1.30.0	1.38.0	xxxxxxxxxxxxxxxxxxxxxxxxxxxxxxxxxxxxxxxxxxxxxxxxxx	/plan @1.30.0..1.38.0	exact	tttttttttttttttttttttttttttttttttttttttttttttttttt	
echo-orca/5	echo	orca	POST	/v2/pipelineTemplates/plan	50	1.30.0	1.38.0	xxxxxxxxxxxxxxxxxxxxxxxxxxxxxxxxxxxxxxxxxxxxxxxxxx	/v2/pipelineTemplates/plan @1.30.0..1.38.0	exact	tttttttttttttttttttttttttttttttttttttttttttttttttt	
fiat-clouddriver/1	fiat	clouddriver	GET	/applications	50	1.30.0	1.38.0	xxxxxxxxxxxxxxxxxxxxxxxxxxxxxxxxxxxxxxxxxxxxxxxxxx	/applications @1.30.0..1.38.0	exact	tttttttttttttttttttttttttttttttttttttttttttttttttt	
fiat-clouddriver/2	fiat	clouddriver	GET	/credentials	50	1.30.0	1.38.0	xxxxxxxxxxxxxxxxxxxxxxxxxxxxxxxxxxxxxxxxxxxxxxxxxx	/credentials @1.30.0..1.38.0	exact	tttttttttttttttttttttttttttttttttttttttttttttttttt	
fiat-front50/1	fiat	front50	GET	/permissions/applications	50	1.30.0	1.38.0	xxxxxxxxxxxxxxxxxxxxxxxxxxxxxxxxxxxxxxxxxxxxxxxxxx	/permissions/applications @1.30.0..1.38.0	exact	tttttttttttttttttttttttttttttttttttttttttttttttttt	
fiat-front50/2	fiat	front50	GET	/serviceAccounts	50	1.30.0	1.38.0	xxxxxxxxxxxxxxxxxxxxxxxxxxxxxxxxxxxxxxxxxxxxxxxxxx	/serviceAccounts @1.30.0..1.38.0	exact	tttttttttttttttttttttttttttttttttttttttttttttttttt	
fiat-front50/3	fiat	front50	GET	/v2/applications	50	1.30.0	1.38.0	xxxxxxxxxxxxxxxxxxxxxxxxxxxxxxxxxxxxxxxxxxxxxxxxxx	/v2/applications @1.30.0..1.38.0	exact	tttttttttttttttttttttttttttttttttttttttttttttttttt	
fiat-igor/1	fiat	igor	GET	/buildServices	50	1.30.0	1.38.0	xxxxxxxxxxxxxxxxxxxxxxxxxxxxxxxxxxxxxxxxxxxxxxxxxx	/buildServices @1.30.0..1.38.0	exact	tttttttttttttttttttttttttttttttttttttttttttttttttt	
front50-echo/1	front50	echo	POST	/	50	1.30.0	1.38.0	xxxxxxxxxxxxxxxxxxxxxxxxxxxxxxxxxxxxxxxxxxxxxxxxxx	/ @1.30.0..1.38.0	exact	tttttttttttttttttttttttttttttttttttttttttttttttttt	
front50-echo/2	front50	echo	POST	/notifications	50	1.30.0	1.38.0	xxxxxxxxxxxxxxxxxxxxxxxxxxxxxxxxxxxxxxxxxxxxxxxxxx	/notifications @1.30.0..1.38.0	exact	oooooooooooooooooooooooooooooooooooooooooooooooooo	
front50-fiat/1	front50	fiat	GET	/authorize/{}	50	1.30.0	1.38.0	xxxxxxxxxxxxxxxxxxxxxxxxxxxxxxxxxxxxxxxxxxxxxxxxxx	/authorize/{userId} @1.30.0..1.38.0	exact	tttttttttttttttttttttttttttttttttttttttttttttttttt	
front50-fiat/2	front50	fiat	POST	/authorize/{}/{}/create	50	1.30.0	1.38.0	xxxxxxxxxxxxxxxxxxxxxxxxxxxxxxxxxxxxxxxxxxxxxxxxxx	/authorize/{userId}/{resourceType}/create @1.30.0..1.38.0	exact	oooooooooooooooooooooooooooooooooooooooooooooooooo	
front50-fiat/3	front50	fiat	GET	/authorize/{}/{}/{}/{}	50	1.30.0	1.38.0	xxxxxxxxxxxxxxxxxxxxxxxxxxxxxxxxxxxxxxxxxxxxxxxxxx	/authorize/{userId}/{resourceType}/{resourceName}/{authorization} @1.30.0..1.38.0	exact	oooooooooooooooooooooooooooooooooooooooooooooooooo	
front50-fiat/4	front50	fiat	POST	/roles/sync	50	1.30.0	1.38.0	xxxxxxxxxxxxxxxxxxxxxxxxxxxxxxxxxxxxxxxxxxxxxxxxxx	/roles/sync @1.30.0..1.38.0	exact	tttttttttttttttttttttttttttttttttttttttttttttttttt	
front50-fiat/5	front50	fiat	POST	/roles/sync/serviceAccount/{}	50	1.30.0	1.38.0	xxxxxxxxxxxxxxxxxxxxxxxxxxxxxxxxxxxxxxxxxxxxxxxxxx	/roles/sync/serviceAccount/{serviceAccountId} @1.30.0..1.38.0	exact	tttttttttttttttttttttttttttttttttttttttttttttttttt	
front50-fiat/6	front50	fiat	DELETE	/roles/{}	50	1.30.0	1.38.0	xxxxxxxxxxxxxxxxxxxxxxxxxxxxxxxxxxxxxxxxxxxxxxxxxx	/roles/{userId} @1.30.0..1.38.0	exact	oooooooooooooooooooooooooooooooooooooooooooooooooo	
front50-fiat/7	front50	fiat	POST	/roles/{}	50	1.30.0	1.38.0	xxxxxxxxxxxxxxxxxxxxxxxxxxxxxxxxxxxxxxxxxxxxxxxxxx	/roles/{userId} @1.30.0..1.38.0	exact	oooooooooooooooooooooooooooooooooooooooooooooooooo	
front50-fiat/8	front50	fiat	PUT	/roles/{}	50	1.30.0	1.38.0	xxxxxxxxxxxxxxxxxxxxxxxxxxxxxxxxxxxxxxxxxxxxxxxxxx	/roles/{userId} @1.30.0..1.38.0	exact	oooooooooooooooooooooooooooooooooooooooooooooooooo	
gate-clouddriver/1	gate	clouddriver	GET	/applications	50	1.30.0	1.38.0	xxxxxxxxxxxxxxxxxxxxxxxxxxxxxxxxxxxxxxxxxxxxxxxxxx	/applications @1.30.0..1.38.0	exact	tttttttttttttttttttttttttttttttttttttttttttttttttt	
gate-clouddriver/2	gate	clouddriver	GET	/applications/{}	50	1.30.0	1.38.0	xxxxxxxxxxxxxxxxxxxxxxxxxxxxxxxxxxxxxxxxxxxxxxxxxx	/applications/{name} @1.30.0..1.38.0	exact	tttttttttttttttttttttttttttttttttttttttttttttttttt	
gate-clouddriver/3	gate	clouddriver	GET	/applications/{}/clusters	50	1.30.0	1.38.0	xxxxxxxxxxxxxxxxxxxxxxxxxxxxxxxxxxxxxxxxxxxxxxxxxx	/applications/{application}/clusters @1.30.0..1.38.0	exact	tttttttttttttttttttttttttttttttttttttttttttttttttt	
gate-clouddriver/4	gate	clouddriver	GET	/applications/{}/clusters/{}	50	1.30.0	1.38.0	xxxxxxxxxxxxxxxxxxxxxxxxxxxxxxxxxxxxxxxxxxxxxxxxxx	/applications/{application}/clusters/{account} @1.30.0..1.38.0	exact	tttttttttttttttttttttttttttttttttttttttttttttttttt	
gate-clouddriver/5	gate	clouddriver	GET	/applications/{}/clusters/{}/{}	50	1.30.0	1.38.0	xxxxxxxxxxxxxxxxxxxxxxxxxxxxxxxxxxxxxxxxxxxxxxxxxx	/applications/{application}/clusters/{account}/{name} @1.30.0..1.38.0	exact	tttttttttttttttttttttttttttttttttttttttttttttttttt	
gate-clouddriver/6	gate	clouddriver	GET	/applications/{}/clusters/{}/{}/aws/serverGroups/{}/scalingActivities	50	1.30.0	1.38.0	xxxxxxxxxxxxxxxxxxxxxxxxxxxxxxxxxxxxxxxxxxxxxxxxxx	/applications/{application}/clusters/{account}/{clusterName}/aws/serverGroups/{serverGroupName}/scalingActivities @1.30.0..1.38.0	dispatch	tttttttttttttttttttttttttttttttttttttttttttttttttt	
gate-clouddriver/7	gate	clouddriver	GET	/applications/{}/clusters/{}/{}/yandex/serverGroups/{}/scalingActivities	50	1.30.0	1.38.0	xxxxxxxxxxxxxxxxxxxxxxxxxxxxxxxxxxxxxxxxxxxxxxxxxx	/applications/{application}/clusters/{account}/{clusterName}/yandex/serverGroups/{serverGroupName}/scalingActivities @1.30.0..1.38.0	dispatch	tttttttttttttttttttttttttttttttttttttttttttttttttt	
gate-clouddriver/8	gate	clouddriver	GET	/applications/{}/clusters/{}/{}/{}	50	1.30.0	1.38.0	xxxxxxxxxxxxxxxxxxxxxxxxxxxxxxxxxxxxxxxxxxxxxxxxxx	/applications/{application}/clusters/{account}/{name}/{type} @1.30.0..1.38.0	exact	tttttttttttttttttttttttttttttttttttttttttttttttttt	
gate-clouddriver/9	gate	clouddriver	GET	/applications/{}/clusters/{}/{}/{}/serverGroups/{}	50	1.30.0	1.38.0	xxxxxxxxxxxxxxxxxxxxxxxxxxxxxxxxxxxxxxxxxxxxxxxxxx	/applications/{application}/clusters/{account}/{clusterName}/{type}/serverGroups/{serverGroupName} @1.30.0..1.38.0	exact	tttttttttttttttttttttttttttttttttttttttttttttttttt	
gate-clouddriver/10	gate	clouddriver	GET	/applications/{}/clusters/{}/{}/{}/{}/serverGroups/target/{}	50	1.30.0	1.38.0	xxxxxxxxxxxxxxxxxxxxxxxxxxxxxxxxxxxxxxxxxxxxxxxxxx	/applications/{application}/clusters/{account}/{clusterName}/{cloudProvider}/{scope}/serverGroups/target/{target} @1.30.0..1.38.0	exact	tttttttttttttttttttttttttttttttttttttttttttttttttt	
gate-clouddriver/11	gate	clouddriver	GET	/applications/{}/functions	50	1.30.0	1.38.0	xxxxxxxxxxxxxxxxxxxxxxxxxxxxxxxxxxxxxxxxxxxxxxxxxx	/applications/{application}/functions @1.30.0..1.38.0	exact	tttttttttttttttttttttttttttttttttttttttttttttttttt	
gate-clouddriver/12	gate	clouddriver	GET	/applications/{}/loadBalancers	50	1.30.0	1.38.0	xxxxxxxxxxxxxxxxxxxxxxxxxxxxxxxxxxxxxxxxxxxxxxxxxx	/applications/{application}/loadBalancers @1.30.0..1.38.0	exact	tttttttttttttttttttttttttttttttttttttttttttttttttt	
gate-clouddriver/13	gate	clouddriver	GET	/applications/{}/rawResources	50	1.30.0	1.38.0	xxxxxxxxxxxxxxxxxxxxxxxxxxxxxxxxxxxxxxxxxxxxxxxxxx	/applications/{application}/rawResources @1.30.0..1.38.0	exact	tttttttttttttttttttttttttttttttttttttttttttttttttt	
gate-clouddriver/14	gate	clouddriver	GET	/applications/{}/serverGroupManagers	50	1.30.0	1.38.0	xxxxxxxxxxxxxxxxxxxxxxxxxxxxxxxxxxxxxxxxxxxxxxxxxx	/applications/{application}/serverGroupManagers @1.30.0..1.38.0	exact	tttttttttttttttttttttttttttttttttttttttttttttttttt	
gate-clouddriver/15	gate	clouddriver	GET	/applications/{}/serverGroups	50	1.30.0	1.38.0	xxxxxxxxxxxxxxxxxxxxxxxxxxxxxxxxxxxxxxxxxxxxxxxxxx	/applications/{application}/serverGroups @1.30.0..1.38.0	exact	tttttttttttttttttttttttttttttttttttttttttttttttttt	
gate-clouddriver/16	gate	clouddriver	GET	/applications/{}/serverGroups/{}/{}/events	50	1.30.0	1.38.0	xxxxxxxxxxxxxxxxxxxxxxxxxxxxxxxxxxxxxxxxxxxxxxxxxx	/applications/{application}/serverGroups/{account}/{serverGroupName}/events @1.30.0..1.38.0	exact	tttttttttttttttttttttttttttttttttttttttttttttttttt	
gate-clouddriver/17	gate	clouddriver	GET	/applications/{}/serverGroups/{}/{}/{}	50	1.30.0	1.38.0	xxxxxxxxxxxxxxxxxxxxxxxxxxxxxxxxxxxxxxxxxxxxxxxxxx	/applications/{application}/serverGroups/{account}/{region}/{name} @1.30.0..1.38.0	exact	tttttttttttttttttttttttttttttttttttttttttttttttttt	
gate-clouddriver/18	gate	clouddriver	GET	/artifacts/account/{}/names	50	1.30.0	1.38.0	xxxxxxxxxxxxxxxxxxxxxxxxxxxxxxxxxxxxxxxxxxxxxxxxxx	/artifacts/account/{accountName}/names @1.30.0..1.38.0	exact	tttttttttttttttttttttttttttttttttttttttttttttttttt	
gate-clouddriver/19	gate	clouddriver	GET	/artifacts/account/{}/versions	50	1.30.0	1.38.0	xxxxxxxxxxxxxxxxxxxxxxxxxxxxxxxxxxxxxxxxxxxxxxxxxx	/artifacts/account/{accountName}/versions @1.30.0..1.38.0	exact	tttttttttttttttttttttttttttttttttttttttttttttttttt	
gate-clouddriver/20	gate	clouddriver	GET	/artifacts/content-address/{}/{}	39	1.32.0	1.38.0	...........xxxxxxxxxxxxxxxxxxxxxxxxxxxxxxxxxxxxxxx	/artifacts/content-address/{application}/{hash} @1.32.0..1.38.0	exact	...........ttttttttttttttttttttttttttttttttttttttt	
gate-clouddriver/21	gate	clouddriver	GET	/artifacts/credentials	50	1.30.0	1.38.0	xxxxxxxxxxxxxxxxxxxxxxxxxxxxxxxxxxxxxxxxxxxxxxxxxx	/artifacts/credentials @1.30.0..1.38.0	exact	tttttttttttttttttttttttttttttttttttttttttttttttttt	
gate-clouddriver/22	gate	clouddriver	PUT	/artifacts/fetch	50	1.30.0	1.38.0	xxxxxxxxxxxxxxxxxxxxxxxxxxxxxxxxxxxxxxxxxxxxxxxxxx	/artifacts/fetch @1.30.0..1.38.0	exact	oooooooooooooooooooooooooooooooooooooooooooooooooo	
gate-clouddriver/23	gate	clouddriver	GET	/aws/images/find	50	1.30.0	1.38.0	xxxxxxxxxxxxxxxxxxxxxxxxxxxxxxxxxxxxxxxxxxxxxxxxxx	/aws/images/find @1.30.0..1.38.0	dispatch	tttttttttttttttttttttttttttttttttttttttttttttttttt	
gate-clouddriver/24	gate	clouddriver	GET	/aws/images/{}/{}/{}	50	1.30.0	1.38.0	xxxxxxxxxxxxxxxxxxxxxxxxxxxxxxxxxxxxxxxxxxxxxxxxxx	/aws/images/{account}/{region}/{imageId} @1.30.0..1.38.0	dispatch	tttttttttttttttttttttttttttttttttttttttttttttttttt	
gate-clouddriver/25	gate	clouddriver	GET	/azure/images/find	50	1.30.0	1.38.0	xxxxxxxxxxxxxxxxxxxxxxxxxxxxxxxxxxxxxxxxxxxxxxxxxx	/azure/images/find @1.30.0..1.38.0	dispatch	tttttttttttttttttttttttttttttttttttttttttttttttttt	
gate-clouddriver/26	gate	clouddriver	GET	/azure/images/{}/{}/{}	50	1.30.0	1.38.0	xxxxxxxxxxxxxxxxxxxxxxxxxxxxxxxxxxxxxxxxxxxxxxxxxx	/azure/images/{account}/{region}/{imageId} @1.30.0..1.38.0	dispatch	tttttttttttttttttttttttttttttttttttttttttttttttttt	
gate-clouddriver/27	gate	clouddriver	GET	/certificates	50	1.30.0	1.38.0	xxxxxxxxxxxxxxxxxxxxxxxxxxxxxxxxxxxxxxxxxxxxxxxxxx	/certificates @1.30.0..1.38.0	exact	tttttttttttttttttttttttttttttttttttttttttttttttttt	
gate-clouddriver/28	gate	clouddriver	GET	/certificates/{}	50	1.30.0	1.38.0	xxxxxxxxxxxxxxxxxxxxxxxxxxxxxxxxxxxxxxxxxxxxxxxxxx	/certificates/{cloudProvider} @1.30.0..1.38.0	exact	tttttttttttttttttttttttttttttttttttttttttttttttttt	
gate-clouddriver/29	gate	clouddriver	GET	/cloudMetrics/{}/{}/{}	50	1.30.0	1.38.0	xxxxxxxxxxxxxxxxxxxxxxxxxxxxxxxxxxxxxxxxxxxxxxxxxx	/cloudMetrics/{cloudProvider}/{account}/{region} @1.30.0..1.38.0	exact	tttttttttttttttttttttttttttttttttttttttttttttttttt	
gate-clouddriver/30	gate	clouddriver	GET	/cloudMetrics/{}/{}/{}/{}/statistics	50	1.30.0	1.38.0	xxxxxxxxxxxxxxxxxxxxxxxxxxxxxxxxxxxxxxxxxxxxxxxxxx	/cloudMetrics/{cloudProvider}/{account}/{region}/{metricName}/statistics @1.30.0..1.38.0	exact	tttttttttttttttttttttttttttttttttttttttttttttttttt	
gate-clouddriver/31	gate	clouddriver	GET	/cloudfoundry/images/find	50	1.30.0	1.38.0	xxxxxxxxxxxxxxxxxxxxxxxxxxxxxxxxxxxxxxxxxxxxxxxxxx	/cloudfoundry/images/find @1.30.0..1.38.0	dispatch	tttttttttttttttttttttttttttttttttttttttttttttttttt	
gate-clouddriver/32	gate	clouddriver	GET	/credentials	50	1.30.0	1.38.0	xxxxxxxxxxxxxxxxxxxxxxxxxxxxxxxxxxxxxxxxxxxxxxxxxx	/credentials @1.30.0..1.38.0	exact	tttttttttttttttttttttttttttttttttttttttttttttttttt	
gate-clouddriver/33	gate	clouddriver	POST	/credentials	50	1.30.0	1.38.0	xxxxxxxxxxxxxxxxxxxxxxxxxxxxxxxxxxxxxxxxxxxxxxxxxx	/credentials @1.30.0..1.38.0	exact	tttttttttttttttttttttttttttttttttttttttttttttttttt	
gate-clouddriver/34	gate	clouddriver	PUT	/credentials	50	1.30.0	1.38.0	xxxxxxxxxxxxxxxxxxxxxxxxxxxxxxxxxxxxxxxxxxxxxxxxxx	/credentials @1.30.0..1.38.0	exact	tttttttttttttttttttttttttttttttttttttttttttttttttt	
gate-clouddriver/35	gate	clouddriver	GET	/credentials/type/{}	50	1.30.0	1.38.0	xxxxxxxxxxxxxxxxxxxxxxxxxxxxxxxxxxxxxxxxxxxxxxxxxx	/credentials/type/{accountType} @1.30.0..1.38.0	exact	tttttttttttttttttttttttttttttttttttttttttttttttttt	
gate-clouddriver/36	gate	clouddriver	DELETE	/credentials/{}	50	1.30.0	1.38.0	xxxxxxxxxxxxxxxxxxxxxxxxxxxxxxxxxxxxxxxxxxxxxxxxxx	/credentials/{accountName} @1.30.0..1.38.0	exact	oooooooooooooooooooooooooooooooooooooooooooooooooo	
gate-clouddriver/37	gate	clouddriver	GET	/credentials/{}	50	1.30.0	1.38.0	xxxxxxxxxxxxxxxxxxxxxxxxxxxxxxxxxxxxxxxxxxxxxxxxxx	/credentials/{accountName} @1.30.0..1.38.0	exact	tttttttttttttttttttttttttttttttttttttttttttttttttt	
gate-clouddriver/38	gate	clouddriver	GET	/dockerRegistry/images/find	50	1.30.0	1.38.0	xxxxxxxxxxxxxxxxxxxxxxxxxxxxxxxxxxxxxxxxxxxxxxxxxx	/dockerRegistry/images/find @1.30.0..1.38.0	dispatch	tttttttttttttttttttttttttttttttttttttttttttttttttt	
gate-clouddriver/39	gate	clouddriver	GET	/dockerRegistry/images/tags	50	1.30.0	1.38.0	xxxxxxxxxxxxxxxxxxxxxxxxxxxxxxxxxxxxxxxxxxxxxxxxxx	/dockerRegistry/images/tags @1.30.0..1.38.0	dispatch	tttttttttttttttttttttttttttttttttttttttttttttttttt	
gate-clouddriver/40	gate	clouddriver	GET	/ecs/cloudMetrics/alarms	50	1.30.0	1.38.0	xxxxxxxxxxxxxxxxxxxxxxxxxxxxxxxxxxxxxxxxxxxxxxxxxx	/ecs/cloudMetrics/alarms @1.30.0..1.38.0	exact	tttttttttttttttttttttttttttttttttttttttttttttttttt	
gate-clouddriver/41	gate	clouddriver	GET	/ecs/ecsClusterDescriptions/{}/{}	50	1.30.0	1.38.0	xxxxxxxxxxxxxxxxxxxxxxxxxxxxxxxxxxxxxxxxxxxxxxxxxx	/ecs/ecsClusterDescriptions/{account}/{region} @1.30.0..1.38.0	exact	tttttttttttttttttttttttttttttttttttttttttttttttttt	
gate-clouddriver/42	gate	clouddriver	GET	/ecs/ecsClusters	50	1.30.0	1.38.0	xxxxxxxxxxxxxxxxxxxxxxxxxxxxxxxxxxxxxxxxxxxxxxxxxx	/ecs/ecsClusters @1.30.0..1.38.0	exact	tttttttttttttttttttttttttttttttttttttttttttttttttt	
gate-clouddriver/43	gate	clouddriver	GET	/ecs/images/find	50	1.30.0	1.38.0	xxxxxxxxxxxxxxxxxxxxxxxxxxxxxxxxxxxxxxxxxxxxxxxxxx	/ecs/images/find @1.30.0..1.38.0	dispatch	tttttttttttttttttttttttttttttttttttttttttttttttttt	
gate-clouddriver/44	gate	clouddriver	GET	/ecs/secrets	50	1.30.0	1.38.0	xxxxxxxxxxxxxxxxxxxxxxxxxxxxxxxxxxxxxxxxxxxxxxxxxx	/ecs/secrets @1.30.0..1.38.0	exact	tttttttttttttttttttttttttttttttttttttttttttttttttt	
gate-clouddriver/45	gate	clouddriver	GET	/ecs/serviceDiscoveryRegistries	50	1.30.0	1.38.0	xxxxxxxxxxxxxxxxxxxxxxxxxxxxxxxxxxxxxxxxxxxxxxxxxx	/ecs/serviceDiscoveryRegistries @1.30.0..1.38.0	exact	tttttttttttttttttttttttttttttttttttttttttttttttttt	
gate-clouddriver/46	gate	clouddriver	GET	/functions	50	1.30.0	1.38.0	xxxxxxxxxxxxxxxxxxxxxxxxxxxxxxxxxxxxxxxxxxxxxxxxxx	/functions @1.30.0..1.38.0	exact	tttttttttttttttttttttttttttttttttttttttttttttttttt	
gate-clouddriver/47	gate	clouddriver	GET	/gce/images/find	50	1.30.0	1.38.0	xxxxxxxxxxxxxxxxxxxxxxxxxxxxxxxxxxxxxxxxxxxxxxxxxx	/gce/images/find @1.30.0..1.38.0	dispatch	tttttttttttttttttttttttttttttttttttttttttttttttttt	
gate-clouddriver/48	gate	clouddriver	GET	/huaweicloud/images/find	50	1.30.0	1.38.0	xxxxxxxxxxxxxxxxxxxxxxxxxxxxxxxxxxxxxxxxxxxxxxxxxx	/huaweicloud/images/find @1.30.0..1.38.0	dispatch	tttttttttttttttttttttttttttttttttttttttttttttttttt	
gate-clouddriver/49	gate	clouddriver	GET	/instanceTypes	50	1.30.0	1.38.0	xxxxxxxxxxxxxxxxxxxxxxxxxxxxxxxxxxxxxxxxxxxxxxxxxx	/instanceTypes @1.30.0..1.38.0	exact	tttttttttttttttttttttttttttttttttttttttttttttttttt	
gate-clouddriver/50	gate	clouddriver	GET	/instances/{}/{}/{}	50	1.30.0	1.38.0	xxxxxxxxxxxxxxxxxxxxxxxxxxxxxxxxxxxxxxxxxxxxxxxxxx	/instances/{account}/{region}/{id} @1.30.0..1.38.0	exact	tttttttttttttttttttttttttttttttttttttttttttttttttt	
gate-clouddriver/51	gate	clouddriver	GET	/instances/{}/{}/{}/console	50	1.30.0	1.38.0	xxxxxxxxxxxxxxxxxxxxxxxxxxxxxxxxxxxxxxxxxxxxxxxxxx	/instances/{account}/{region}/{id}/console @1.30.0..1.38.0	exact	tttttttttttttttttttttttttttttttttttttttttttttttttt	
gate-clouddriver/52	gate	clouddriver	GET	/keyPairs	50	1.30.0	1.38.0	xxxxxxxxxxxxxxxxxxxxxxxxxxxxxxxxxxxxxxxxxxxxxxxxxx	/keyPairs @1.30.0..1.38.0	exact	tttttttttttttttttttttttttttttttttttttttttttttttttt	
gate-clouddriver/53	gate	clouddriver	GET	/manifests/{}/{}/{}	50	1.30.0	1.38.0	xxxxxxxxxxxxxxxxxxxxxxxxxxxxxxxxxxxxxxxxxxxxxxxxxx	/manifests/{account}/{location}/{name} @1.30.0..1.38.0	exact	tttttttttttttttttttttttttttttttttttttttttttttttttt	
gate-clouddriver/54	gate	clouddriver	GET	/networks	50	1.30.0	1.38.0	xxxxxxxxxxxxxxxxxxxxxxxxxxxxxxxxxxxxxxxxxxxxxxxxxx	/networks @1.30.0..1.38.0	exact	tttttttttttttttttttttttttttttttttttttttttttttttttt	
gate-clouddriver/55	gate	clouddriver	GET	/networks/{}	50	1.30.0	1.38.0	xxxxxxxxxxxxxxxxxxxxxxxxxxxxxxxxxxxxxxxxxxxxxxxxxx	/networks/{cloudProvider} @1.30.0..1.38.0	exact	tttttttttttttttttttttttttttttttttttttttttttttttttt	
gate-clouddriver/56	gate	clouddriver	GET	/oracle/images/find	50	1.30.0	1.38.0	xxxxxxxxxxxxxxxxxxxxxxxxxxxxxxxxxxxxxxxxxxxxxxxxxx	/oracle/images/find @1.30.0..1.38.0	dispatch	tttttttttttttttttttttttttttttttttttttttttttttttttt	
gate-clouddriver/57	gate	clouddriver	GET	/oracle/images/{}/{}/{}	50	1.30.0	1.38.0	xxxxxxxxxxxxxxxxxxxxxxxxxxxxxxxxxxxxxxxxxxxxxxxxxx	/oracle/images/{account}/{region}/{imageId} @1.30.0..1.38.0	dispatch	tttttttttttttttttttttttttttttttttttttttttttttttttt	
gate-clouddriver/58	gate	clouddriver	GET	/projects/{}/clusters	50	1.30.0	1.38.0	xxxxxxxxxxxxxxxxxxxxxxxxxxxxxxxxxxxxxxxxxxxxxxxxxx	/projects/{project}/clusters @1.30.0..1.38.0	exact	tttttttttttttttttttttttttttttttttttttttttttttttttt	
gate-clouddriver/59	gate	clouddriver	GET	/reports/reservation	50	1.30.0	1.38.0	xxxxxxxxxxxxxxxxxxxxxxxxxxxxxxxxxxxxxxxxxxxxxxxxxx	/reports/reservation @1.30.0..1.38.0	exact	tttttttttttttttttttttttttttttttttttttttttttttttttt	
gate-clouddriver/60	gate	clouddriver	GET	/reports/reservation/{}	50	1.30.0	1.38.0	xxxxxxxxxxxxxxxxxxxxxxxxxxxxxxxxxxxxxxxxxxxxxxxxxx	/reports/reservation/{name} @1.30.0..1.38.0	exact	tttttttttttttttttttttttttttttttttttttttttttttttttt	
gate-clouddriver/61	gate	clouddriver	GET	/roles/{}	50	1.30.0	1.38.0	xxxxxxxxxxxxxxxxxxxxxxxxxxxxxxxxxxxxxxxxxxxxxxxxxx	/roles/{cloudProvider} @1.30.0..1.38.0	exact	tttttttttttttttttttttttttttttttttttttttttttttttttt	
gate-clouddriver/62	gate	clouddriver	GET	/search	50	1.30.0	1.38.0	xxxxxxxxxxxxxxxxxxxxxxxxxxxxxxxxxxxxxxxxxxxxxxxxxx	/search @1.30.0..1.38.0	exact	tttttttttttttttttttttttttttttttttttttttttttttttttt	
gate-clouddriver/63	gate	clouddriver	GET	/securityGroups	50	1.30.0	1.38.0	xxxxxxxxxxxxxxxxxxxxxxxxxxxxxxxxxxxxxxxxxxxxxxxxxx	/securityGroups @1.30.0..1.38.0	exact	tttttttttttttttttttttttttttttttttttttttttttttttttt	
gate-clouddriver/64	gate	clouddriver	GET	/securityGroups/{}/{}	50	1.30.0	1.38.0	xxxxxxxxxxxxxxxxxxxxxxxxxxxxxxxxxxxxxxxxxxxxxxxxxx	/securityGroups/{account}/{cloudProvider} @1.30.0..1.38.0	exact	tttttttttttttttttttttttttttttttttttttttttttttttttt	
gate-clouddriver/65	gate	clouddriver	GET	/securityGroups/{}/{}/{}/{}	50	1.30.0	1.38.0	xxxxxxxxxxxxxxxxxxxxxxxxxxxxxxxxxxxxxxxxxxxxxxxxxx	/securityGroups/{account}/{cloudProvider}/{region}/{securityGroupNameOrId} @1.30.0..1.38.0	exact	tttttttttttttttttttttttttttttttttttttttttttttttttt	
gate-clouddriver/66	gate	clouddriver	GET	/serverGroups	50	1.30.0	1.38.0	xxxxxxxxxxxxxxxxxxxxxxxxxxxxxxxxxxxxxxxxxxxxxxxxxx	/serverGroups @1.30.0..1.38.0	exact	tttttttttttttttttttttttttttttttttttttttttttttttttt	
gate-clouddriver/67	gate	clouddriver	GET	/servicebroker/{}/serviceInstance	50	1.30.0	1.38.0	xxxxxxxxxxxxxxxxxxxxxxxxxxxxxxxxxxxxxxxxxxxxxxxxxx	/servicebroker/{account}/serviceInstance @1.30.0..1.38.0	exact	tttttttttttttttttttttttttttttttttttttttttttttttttt	
gate-clouddriver/68	gate	clouddriver	GET	/servicebroker/{}/services	50	1.30.0	1.38.0	xxxxxxxxxxxxxxxxxxxxxxxxxxxxxxxxxxxxxxxxxxxxxxxxxx	/servicebroker/{account}/services @1.30.0..1.38.0	exact	tttttttttttttttttttttttttttttttttttttttttttttttttt	
gate-clouddriver/69	gate	clouddriver	GET	/storage	50	1.30.0	1.38.0	xxxxxxxxxxxxxxxxxxxxxxxxxxxxxxxxxxxxxxxxxxxxxxxxxx	/storage @1.30.0..1.38.0	exact	tttttttttttttttttttttttttttttttttttttttttttttttttt	
gate-clouddriver/70	gate	clouddriver	GET	/subnets	50	1.30.0	1.38.0	xxxxxxxxxxxxxxxxxxxxxxxxxxxxxxxxxxxxxxxxxxxxxxxxxx	/subnets @1.30.0..1.38.0	exact	tttttttttttttttttttttttttttttttttttttttttttttttttt	
gate-clouddriver/71	gate	clouddriver	GET	/subnets/{}	50	1.30.0	1.38.0	xxxxxxxxxxxxxxxxxxxxxxxxxxxxxxxxxxxxxxxxxxxxxxxxxx	/subnets/{cloudProvider} @1.30.0..1.38.0	exact	tttttttttttttttttttttttttttttttttttttttttttttttttt	
gate-clouddriver/72	gate	clouddriver	GET	/tags	50	1.30.0	1.38.0	xxxxxxxxxxxxxxxxxxxxxxxxxxxxxxxxxxxxxxxxxxxxxxxxxx	/tags @1.30.0..1.38.0	exact	tttttttttttttttttttttttttttttttttttttttttttttttttt	
gate-clouddriver/73	gate	clouddriver	GET	/tags/**	50	1.30.0	1.38.0	xxxxxxxxxxxxxxxxxxxxxxxxxxxxxxxxxxxxxxxxxxxxxxxxxx	/tags/** @1.30.0..1.38.0	template	tttttttttttttttttttttttttttttttttttttttttttttttttt	
gate-clouddriver/74	gate	clouddriver	GET	/task/{}	50	1.30.0	1.38.0	xxxxxxxxxxxxxxxxxxxxxxxxxxxxxxxxxxxxxxxxxxxxxxxxxx	/task/{id} @1.30.0..1.38.0	exact	tttttttttttttttttttttttttttttttttttttttttttttttttt	
gate-clouddriver/75	gate	clouddriver	GET	/titus/images/find	50	1.30.0	1.38.0	xxxxxxxxxxxxxxxxxxxxxxxxxxxxxxxxxxxxxxxxxxxxxxxxxx	/titus/images/find @1.30.0..1.38.0	dispatch	tttttttttttttttttttttttttttttttttttttttttttttttttt	
gate-clouddriver/76	gate	clouddriver	GET	/titus/images/tags	50	1.30.0	1.38.0	xxxxxxxxxxxxxxxxxxxxxxxxxxxxxxxxxxxxxxxxxxxxxxxxxx	/titus/images/tags @1.30.0..1.38.0	dispatch	tttttttttttttttttttttttttttttttttttttttttttttttttt	
gate-clouddriver/77	gate	clouddriver	GET	/v1/data/adhoc/{}/{}/**	50	1.30.0	1.38.0	xxxxxxxxxxxxxxxxxxxxxxxxxxxxxxxxxxxxxxxxxxxxxxxxxx	/v1/data/adhoc/{groupId}/{bucketId}/** @1.30.0..1.38.0	template	oooooooooooooooooooooooooooooooooooooooooooooooooo	
gate-clouddriver/78	gate	clouddriver	GET	/v1/data/static/{}	50	1.30.0	1.38.0	xxxxxxxxxxxxxxxxxxxxxxxxxxxxxxxxxxxxxxxxxxxxxxxxxx	/v1/data/static/{id} @1.30.0..1.38.0	exact	oooooooooooooooooooooooooooooooooooooooooooooooooo	
gate-clouddriver/79	gate	clouddriver	GET	/yandex/images/find	50	1.30.0	1.38.0	xxxxxxxxxxxxxxxxxxxxxxxxxxxxxxxxxxxxxxxxxxxxxxxxxx	/yandex/images/find @1.30.0..1.38.0	dispatch	tttttttttttttttttttttttttttttttttttttttttttttttttt	
gate-clouddriver/80	gate	clouddriver	GET	/{}/loadBalancers	50	1.30.0	1.38.0	xxxxxxxxxxxxxxxxxxxxxxxxxxxxxxxxxxxxxxxxxxxxxxxxxx	/{cloudProvider}/loadBalancers @1.30.0..1.38.0	exact	tttttttttttttttttttttttttttttttttttttttttttttttttt	
gate-clouddriver/81	gate	clouddriver	GET	/{}/loadBalancers/{}	50	1.30.0	1.38.0	xxxxxxxxxxxxxxxxxxxxxxxxxxxxxxxxxxxxxxxxxxxxxxxxxx	/{cloudProvider}/loadBalancers/{name} @1.30.0..1.38.0	exact	tttttttttttttttttttttttttttttttttttttttttttttttttt	
gate-clouddriver/82	gate	clouddriver	GET	/{}/loadBalancers/{}/{}/{}	50	1.30.0	1.38.0	xxxxxxxxxxxxxxxxxxxxxxxxxxxxxxxxxxxxxxxxxxxxxxxxxx	/{cloudProvider}/loadBalancers/{account}/{region}/{name} @1.30.0..1.38.0	exact	tttttttttttttttttttttttttttttttttttttttttttttttttt	
gate-echo/1	gate	echo	POST	/	50	1.30.0	1.38.0	xxxxxxxxxxxxxxxxxxxxxxxxxxxxxxxxxxxxxxxxxxxxxxxxxx	/ @1.30.0..1.38.0	exact	ttttttttttttttttttttttttttttttttttttttttoooooooooo	
gate-echo/2	gate	echo	GET	/notifications/metadata	50	1.30.0	1.38.0	xxxxxxxxxxxxxxxxxxxxxxxxxxxxxxxxxxxxxxxxxxxxxxxxxx	/notifications/metadata @1.30.0..1.38.0	exact	tttttttttttttttttttttttttttttttttttttttttttttttttt	
gate-echo/3	gate	echo	GET	/pubsub/subscriptions	50	1.30.0	1.38.0	xxxxxxxxxxxxxxxxxxxxxxxxxxxxxxxxxxxxxxxxxxxxxxxxxx	/pubsub/subscriptions @1.30.0..1.38.0	exact	tttttttttttttttttttttttttttttttttttttttttttttttttt	
gate-echo/4	gate	echo	GET	/quietPeriod	50	1.30.0	1.38.0	xxxxxxxxxxxxxxxxxxxxxxxxxxxxxxxxxxxxxxxxxxxxxxxxxx	/quietPeriod @1.30.0..1.38.0	exact	tttttttttttttttttttttttttttttttttttttttttttttttttt	
gate-echo/5	gate	echo	GET	/validateCronExpression	50	1.30.0	1.38.0	xxxxxxxxxxxxxxxxxxxxxxxxxxxxxxxxxxxxxxxxxxxxxxxxxx	/validateCronExpression @1.30.0..1.38.0	exact	tttttttttttttttttttttttttttttttttttttttttttttttttt	
gate-echo/6	gate	echo	POST	/webhooks/cdevents/{}	39	1.32.0	1.38.0	...........xxxxxxxxxxxxxxxxxxxxxxxxxxxxxxxxxxxxxxx	/webhooks/cdevents/{source} @1.32.0..1.38.0	exact	...........ooooooooooooooooooooooooooooooooooooooo	
gate-echo/7	gate	echo	POST	/webhooks/{}/{}	50	1.30.0	1.38.0	xxxxxxxxxxxxxxxxxxxxxxxxxxxxxxxxxxxxxxxxxxxxxxxxxx	/webhooks/{type}/{source} @1.30.0..1.38.0	exact	tttttttttttttttttttttttttttttttttttttttttttttttttt	
gate-fiat/1	gate	fiat	GET	/authorize/{}	50	1.30.0	1.38.0	xxxxxxxxxxxxxxxxxxxxxxxxxxxxxxxxxxxxxxxxxxxxxxxxxx	/authorize/{userId} @1.30.0..1.38.0	exact	tttttttttttttttttttttttttttttttttttttttttttttttttt	
gate-fiat/2	gate	fiat	GET	/authorize/{}/serviceAccounts	50	1.30.0	1.38.0	xxxxxxxxxxxxxxxxxxxxxxxxxxxxxxxxxxxxxxxxxxxxxxxxxx	/authorize/{userId}/serviceAccounts @1.30.0..1.38.0	exact	tttttttttttttttttttttttttttttttttttttttttttttttttt	
gate-fiat/3	gate	fiat	POST	/authorize/{}/{}/create	50	1.30.0	1.38.0	xxxxxxxxxxxxxxxxxxxxxxxxxxxxxxxxxxxxxxxxxxxxxxxxxx	/authorize/{userId}/{resourceType}/create @1.30.0..1.38.0	exact	oooooooooooooooooooooooooooooooooooooooooooooooooo	
gate-fiat/4	gate	fiat	GET	/authorize/{}/{}/{}/{}	50	1.30.0	1.38.0	xxxxxxxxxxxxxxxxxxxxxxxxxxxxxxxxxxxxxxxxxxxxxxxxxx	/authorize/{userId}/{resourceType}/{resourceName}/{authorization} @1.30.0..1.38.0	exact	oooooooooooooooooooooooooooooooooooooooooooooooooo	
gate-fiat/5	gate	fiat	POST	/roles/sync	50	1.30.0	1.38.0	xxxxxxxxxxxxxxxxxxxxxxxxxxxxxxxxxxxxxxxxxxxxxxxxxx	/roles/sync @1.30.0..1.38.0	exact	tttttttttttttttttttttttttttttttttttttttttttttttttt	
gate-fiat/6	gate	fiat	POST	/roles/sync/serviceAccount/{}	50	1.30.0	1.38.0	xxxxxxxxxxxxxxxxxxxxxxxxxxxxxxxxxxxxxxxxxxxxxxxxxx	/roles/sync/serviceAccount/{serviceAccountId} @1.30.0..1.38.0	exact	tttttttttttttttttttttttttttttttttttttttttttttttttt	
gate-fiat/7	gate	fiat	DELETE	/roles/{}	50	1.30.0	1.38.0	xxxxxxxxxxxxxxxxxxxxxxxxxxxxxxxxxxxxxxxxxxxxxxxxxx	/roles/{userId} @1.30.0..1.38.0	exact	oooooooooooooooooooooooooooooooooooooooooooooooooo	
gate-fiat/8	gate	fiat	POST	/roles/{}	50	1.30.0	1.38.0	xxxxxxxxxxxxxxxxxxxxxxxxxxxxxxxxxxxxxxxxxxxxxxxxxx	/roles/{userId} @1.30.0..1.38.0	exact	oooooooooooooooooooooooooooooooooooooooooooooooooo	
gate-fiat/9	gate	fiat	PUT	/roles/{}	50	1.30.0	1.38.0	xxxxxxxxxxxxxxxxxxxxxxxxxxxxxxxxxxxxxxxxxxxxxxxxxx	/roles/{userId} @1.30.0..1.38.0	exact	oooooooooooooooooooooooooooooooooooooooooooooooooo	
gate-front50/1	gate	front50	GET	/deliveries	50	1.30.0	1.38.0	xxxxxxxxxxxxxxxxxxxxxxxxxxxxxxxxxxxxxxxxxxxxxxxxxx	/deliveries @1.30.0..1.38.0	exact	tttttttttttttttttttttttttttttttttttttttttttttttttt	
gate-front50/2	gate	front50	GET	/deliveries/{}	50	1.30.0	1.38.0	xxxxxxxxxxxxxxxxxxxxxxxxxxxxxxxxxxxxxxxxxxxxxxxxxx	/deliveries/{id} @1.30.0..1.38.0	exact	tttttttttttttttttttttttttttttttttttttttttttttttttt	
gate-front50/3	gate	front50	DELETE	/notifications/{}/{}	50	1.30.0	1.38.0	xxxxxxxxxxxxxxxxxxxxxxxxxxxxxxxxxxxxxxxxxxxxxxxxxx	/notifications/{type}/{name} @1.30.0..1.38.0	exact	oooooooooooooooooooooooooooooooooooooooooooooooooo	
gate-front50/4	gate	front50	GET	/notifications/{}/{}	50	1.30.0	1.38.0	xxxxxxxxxxxxxxxxxxxxxxxxxxxxxxxxxxxxxxxxxxxxxxxxxx	/notifications/{type}/{name} @1.30.0..1.38.0	exact	tttttttttttttttttttttttttttttttttttttttttttttttttt	
gate-front50/5	gate	front50	POST	/notifications/{}/{}	50	1.30.0	1.38.0	xxxxxxxxxxxxxxxxxxxxxxxxxxxxxxxxxxxxxxxxxxxxxxxxxx	/notifications/{type}/{name} @1.30.0..1.38.0	exact	oooooooooooooooooooooooooooooooooooooooooooooooooo	
gate-front50/6	gate	front50	GET	/pipelineTemplates	50	1.30.0	1.38.0	xxxxxxxxxxxxxxxxxxxxxxxxxxxxxxxxxxxxxxxxxxxxxxxxxx	/pipelineTemplates @1.30.0..1.38.0	exact	tttttttttttttttttttttttttttttttttttttttttttttttttt	
gate-front50/7	gate	front50	GET	/pipelineTemplates/{}	50	1.30.0	1.38.0	xxxxxxxxxxxxxxxxxxxxxxxxxxxxxxxxxxxxxxxxxxxxxxxxxx	/pipelineTemplates/{id} @1.30.0..1.38.0	exact	tttttttttttttttttttttttttttttttttttttttttttttttttt	
gate-front50/8	gate	front50	GET	/pipelineTemplates/{}/dependentPipelines	50	1.30.0	1.38.0	xxxxxxxxxxxxxxxxxxxxxxxxxxxxxxxxxxxxxxxxxxxxxxxxxx	/pipelineTemplates/{id}/dependentPipelines @1.30.0..1.38.0	exact	tttttttttttttttttttttttttttttttttttttttttttttttttt	
gate-front50/9	gate	front50	GET	/pipelines	50	1.30.0	1.38.0	xxxxxxxxxxxxxxxxxxxxxxxxxxxxxxxxxxxxxxxxxxxxxxxxxx	/pipelines @1.30.0..1.38.0	exact	tttttttttttttttttttttttttttttttttttttttttttttttttt	
gate-front50/10	gate	front50	POST	/pipelines	50	1.30.0	1.38.0	xxxxxxxxxxxxxxxxxxxxxxxxxxxxxxxxxxxxxxxxxxxxxxxxxx	/pipelines @1.30.0..1.38.0	exact	oooooooooooooooooooooooooooooooooooooooooooooooooo	
gate-front50/11	gate	front50	GET	/pipelines/{}	50	1.30.0	1.38.0	xxxxxxxxxxxxxxxxxxxxxxxxxxxxxxxxxxxxxxxxxxxxxxxxxx	/pipelines/{application} @1.30.0..1.38.0	exact	tttttttttttttttttttttttttttttttttttttttttttttttttt	
gate-front50/12	gate	front50	PUT	/pipelines/{}	50	1.30.0	1.38.0	xxxxxxxxxxxxxxxxxxxxxxxxxxxxxxxxxxxxxxxxxxxxxxxxxx	/pipelines/{id} @1.30.0..1.38.0	exact	tttttttttttttttttttttttttttttttttttttttttttttttttt	
gate-front50/13	gate	front50	GET	/pipelines/{}/get	17	1.36.0	1.38.0	.................................xxxxxxxxxxxxxxxxx	/pipelines/{id}/get @1.36.0..1.38.0	exact	.................................ttttttttttttttttt	
gate-front50/14	gate	front50	GET	/pipelines/{}/history	50	1.30.0	1.38.0	xxxxxxxxxxxxxxxxxxxxxxxxxxxxxxxxxxxxxxxxxxxxxxxxxx	/pipelines/{id}/history @1.30.0..1.38.0	exact	tttttttttttttttttttttttttttttttttttttttttttttttttt	
gate-front50/15	gate	front50	GET	/pipelines/{}/name/{}	17	1.36.0	1.38.0	.................................xxxxxxxxxxxxxxxxx	/pipelines/{application}/name/{name} @1.36.0..1.38.0	exact	.................................ttttttttttttttttt	
gate-front50/16	gate	front50	DELETE	/pipelines/{}/{}	50	1.30.0	1.38.0	xxxxxxxxxxxxxxxxxxxxxxxxxxxxxxxxxxxxxxxxxxxxxxxxxx	/pipelines/{application}/{pipeline} @1.30.0..1.38.0	exact	oooooooooooooooooooooooooooooooooooooooooooooooooo	
gate-front50/17	gate	front50	GET	/pluginInfo	50	1.30.0	1.38.0	xxxxxxxxxxxxxxxxxxxxxxxxxxxxxxxxxxxxxxxxxxxxxxxxxx	/pluginInfo @1.30.0..1.38.0	exact	tttttttttttttttttttttttttttttttttttttttttttttttttt	
gate-front50/18	gate	front50	GET	/serviceAccounts	50	1.30.0	1.38.0	xxxxxxxxxxxxxxxxxxxxxxxxxxxxxxxxxxxxxxxxxxxxxxxxxx	/serviceAccounts @1.30.0..1.38.0	exact	tttttttttttttttttttttttttttttttttttttttttttttttttt	
gate-front50/19	gate	front50	GET	/snapshots/{}	50	1.30.0	1.38.0	xxxxxxxxxxxxxxxxxxxxxxxxxxxxxxxxxxxxxxxxxxxxxxxxxx	/snapshots/{id} @1.30.0..1.38.0	exact	tttttttttttttttttttttttttttttttttttttttttttttttttt	
gate-front50/20	gate	front50	GET	/snapshots/{}/history	50	1.30.0	1.38.0	xxxxxxxxxxxxxxxxxxxxxxxxxxxxxxxxxxxxxxxxxxxxxxxxxx	/snapshots/{id}/history @1.30.0..1.38.0	exact	tttttttttttttttttttttttttttttttttttttttttttttttttt	
gate-front50/21	gate	front50	GET	/strategies	50	1.30.0	1.38.0	xxxxxxxxxxxxxxxxxxxxxxxxxxxxxxxxxxxxxxxxxxxxxxxxxx	/strategies @1.30.0..1.38.0	exact	tttttttttttttttttttttttttttttttttttttttttttttttttt	
gate-front50/22	gate	front50	POST	/strategies	50	1.30.0	1.38.0	xxxxxxxxxxxxxxxxxxxxxxxxxxxxxxxxxxxxxxxxxxxxxxxxxx	/strategies @1.30.0..1.38.0	exact	oooooooooooooooooooooooooooooooooooooooooooooooooo	
gate-front50/23	gate	front50	GET	/strategies/{}	50	1.30.0	1.38.0	xxxxxxxxxxxxxxxxxxxxxxxxxxxxxxxxxxxxxxxxxxxxxxxxxx	/strategies/{application} @1.30.0..1.38.0	exact	tttttttttttttttttttttttttttttttttttttttttttttttttt	
gate-front50/24	gate	front50	PUT	/strategies/{}	50	1.30.0	1.38.0	xxxxxxxxxxxxxxxxxxxxxxxxxxxxxxxxxxxxxxxxxxxxxxxxxx	/strategies/{id} @1.30.0..1.38.0	exact	tttttttttttttttttttttttttttttttttttttttttttttttttt	
gate-front50/25	gate	front50	GET	/strategies/{}/history	50	1.30.0	1.38.0	xxxxxxxxxxxxxxxxxxxxxxxxxxxxxxxxxxxxxxxxxxxxxxxxxx	/strategies/{id}/history @1.30.0..1.38.0	exact	tttttttttttttttttttttttttttttttttttttttttttttttttt	
gate-front50/26	gate	front50	DELETE	/strategies/{}/{}	50	1.30.0	1.38.0	xxxxxxxxxxxxxxxxxxxxxxxxxxxxxxxxxxxxxxxxxxxxxxxxxx	/strategies/{application}/{strategy} @1.30.0..1.38.0	exact	oooooooooooooooooooooooooooooooooooooooooooooooooo	
gate-front50/27	gate	front50	GET	/v2/applications	50	1.30.0	1.38.0	xxxxxxxxxxxxxxxxxxxxxxxxxxxxxxxxxxxxxxxxxxxxxxxxxx	/v2/applications @1.30.0..1.38.0	exact	tttttttttttttttttttttttttttttttttttttttttttttttttt	
gate-front50/28	gate	front50	GET	/v2/applications/{}	50	1.30.0	1.38.0	xxxxxxxxxxxxxxxxxxxxxxxxxxxxxxxxxxxxxxxxxxxxxxxxxx	/v2/applications/{applicationName} @1.30.0..1.38.0	exact	tttttttttttttttttttttttttttttttttttttttttttttttttt	
gate-front50/29	gate	front50	GET	/v2/applications/{}/history	50	1.30.0	1.38.0	xxxxxxxxxxxxxxxxxxxxxxxxxxxxxxxxxxxxxxxxxxxxxxxxxx	/v2/applications/{applicationName}/history @1.30.0..1.38.0	exact	tttttttttttttttttttttttttttttttttttttttttttttttttt	
gate-front50/30	gate	front50	GET	/v2/pipelineTemplates	50	1.30.0	1.38.0	xxxxxxxxxxxxxxxxxxxxxxxxxxxxxxxxxxxxxxxxxxxxxxxxxx	/v2/pipelineTemplates @1.30.0..1.38.0	exact	tttttttttttttttttttttttttttttttttttttttttttttttttt	
gate-front50/31	gate	front50	GET	/v2/pipelineTemplates/versions	50	1.30.0	1.38.0	xxxxxxxxxxxxxxxxxxxxxxxxxxxxxxxxxxxxxxxxxxxxxxxxxx	/v2/pipelineTemplates/versions @1.30.0..1.38.0	exact	tttttttttttttttttttttttttttttttttttttttttttttttttt	
gate-front50/32	gate	front50	GET	/v2/pipelineTemplates/{}	50	1.30.0	1.38.0	xxxxxxxxxxxxxxxxxxxxxxxxxxxxxxxxxxxxxxxxxxxxxxxxxx	/v2/pipelineTemplates/{id} @1.30.0..1.38.0	exact	tttttttttttttttttttttttttttttttttttttttttttttttttt	
gate-front50/33	gate	front50	GET	/v2/pipelineTemplates/{}/dependentPipelines	50	1.30.0	1.38.0	xxxxxxxxxxxxxxxxxxxxxxxxxxxxxxxxxxxxxxxxxxxxxxxxxx	/v2/pipelineTemplates/{id}/dependentPipelines @1.30.0..1.38.0	exact	tttttttttttttttttttttttttttttttttttttttttttttttttt	
gate-front50/34	gate	front50	GET	/v2/projects	50	1.30.0	1.38.0	xxxxxxxxxxxxxxxxxxxxxxxxxxxxxxxxxxxxxxxxxxxxxxxxxx	/v2/projects @1.30.0..1.38.0	exact	tttttttttttttttttttttttttttttttttttttttttttttttttt	
gate-front50/35	gate	front50	GET	/v2/projects/{}	50	1.30.0	1.38.0	xxxxxxxxxxxxxxxxxxxxxxxxxxxxxxxxxxxxxxxxxxxxxxxxxx	/v2/projects/{projectId} @1.30.0..1.38.0	exact	tttttttttttttttttttttttttttttttttttttttttttttttttt	
gate-igor/1	gate	igor	GET	/artifactory/names	50	1.30.0	1.38.0	xxxxxxxxxxxxxxxxxxxxxxxxxxxxxxxxxxxxxxxxxxxxxxxxxx	/artifactory/names @1.30.0..1.38.0	exact	tttttttttttttttttttttttttttttttttttttttttttttttttt	
gate-igor/2	gate	igor	GET	/artifacts/{}/{}	50	1.30.0	1.38.0	xxxxxxxxxxxxxxxxxxxxxxxxxxxxxxxxxxxxxxxxxxxxxxxxxx	/artifacts/{provider}/{name} @1.30.0..1.38.0	exact	tttttttttttttttttttttttttttttttttttttttttttttttttt	
gate-igor/3	gate	igor	GET	/artifacts/{}/{}/{}	50	1.30.0	1.38.0	xxxxxxxxxxxxxxxxxxxxxxxxxxxxxxxxxxxxxxxxxxxxxxxxxx	/artifacts/{provider}/{name}/{version} @1.30.0..1.38.0	exact	tttttttttttttttttttttttttttttttttttttttttttttttttt	
gate-igor/4	gate	igor	GET	/builds/all/{}/**	50	1.30.0	1.38.0	xxxxxxxxxxxxxxxxxxxxxxxxxxxxxxxxxxxxxxxxxxxxxxxxxx	/builds/all/{master}/** @1.30.0..1.38.0	template	tttttttttttttttttttttttttttttttttttttttttttttttttt	
gate-igor/5	gate	igor	GET	/builds/status/{}/{}/**	50	1.30.0	1.38.0	xxxxxxxxxxxxxxxxxxxxxxxxxxxxxxxxxxxxxxxxxxxxxxxxxx	/builds/status/{buildNumber}/{master}/** @1.30.0..1.38.0	template	tttttttttttttttttttttttttttttttttttttttttttttttttt	
gate-igor/6	gate	igor	GET	/ci/builds	50	1.30.0	1.38.0	xxxxxxxxxxxxxxxxxxxxxxxxxxxxxxxxxxxxxxxxxxxxxxxxxx	/ci/builds @1.30.0..1.38.0	exact	tttttttttttttttttttttttttttttttttttttttttttttttttt	
gate-igor/7	gate	igor	GET	/ci/builds/{}/output	50	1.30.0	1.38.0	xxxxxxxxxxxxxxxxxxxxxxxxxxxxxxxxxxxxxxxxxxxxxxxxxx	/ci/builds/{buildId}/output @1.30.0..1.38.0	exact	tttttttttttttttttttttttttttttttttttttttttttttttttt	
gate-igor/8	gate	igor	GET	/codebuild/accounts	50	1.30.0	1.38.0	xxxxxxxxxxxxxxxxxxxxxxxxxxxxxxxxxxxxxxxxxxxxxxxxxx	/codebuild/accounts @1.30.0..1.38.0	exact	tttttttttttttttttttttttttttttttttttttttttttttttttt	
gate-igor/9	gate	igor	GET	/codebuild/projects/{}	50	1.30.0	1.38.0	xxxxxxxxxxxxxxxxxxxxxxxxxxxxxxxxxxxxxxxxxxxxxxxxxx	/codebuild/projects/{account} @1.30.0..1.38.0	exact	tttttttttttttttttttttttttttttttttttttttttttttttttt	
gate-igor/10	gate	igor	GET	/concourse/{}/teams	50	1.30.0	1.38.0	xxxxxxxxxxxxxxxxxxxxxxxxxxxxxxxxxxxxxxxxxxxxxxxxxx	/concourse/{buildMaster}/teams @1.30.0..1.38.0	exact	tttttttttttttttttttttttttttttttttttttttttttttttttt	
gate-igor/11	gate	igor	GET	/concourse/{}/teams/{}/pipelines	50	1.30.0	1.38.0	xxxxxxxxxxxxxxxxxxxxxxxxxxxxxxxxxxxxxxxxxxxxxxxxxx	/concourse/{buildMaster}/teams/{team}/pipelines @1.30.0..1.38.0	exact	tttttttttttttttttttttttttttttttttttttttttttttttttt	
gate-igor/12	gate	igor	GET	/concourse/{}/teams/{}/pipelines/{}/jobs	50	1.30.0	1.38.0	xxxxxxxxxxxxxxxxxxxxxxxxxxxxxxxxxxxxxxxxxxxxxxxxxx	/concourse/{buildMaster}/teams/{team}/pipelines/{pipeline}/jobs @1.30.0..1.38.0	exact	tttttttttttttttttttttttttttttttttttttttttttttttttt	
gate-igor/13	gate	igor	GET	/concourse/{}/teams/{}/pipelines/{}/resources	50	1.30.0	1.38.0	xxxxxxxxxxxxxxxxxxxxxxxxxxxxxxxxxxxxxxxxxxxxxxxxxx	/concourse/{buildMaster}/teams/{team}/pipelines/{pipeline}/resources @1.30.0..1.38.0	exact	tttttttttttttttttttttttttttttttttttttttttttttttttt	
gate-igor/14	gate	igor	GET	/gcb/accounts	50	1.30.0	1.38.0	xxxxxxxxxxxxxxxxxxxxxxxxxxxxxxxxxxxxxxxxxxxxxxxxxx	/gcb/accounts @1.30.0..1.38.0	exact	tttttttttttttttttttttttttttttttttttttttttttttttttt	
gate-igor/15	gate	igor	GET	/gcb/triggers/{}	50	1.30.0	1.38.0	xxxxxxxxxxxxxxxxxxxxxxxxxxxxxxxxxxxxxxxxxxxxxxxxxx	/gcb/triggers/{account} @1.30.0..1.38.0	exact	tttttttttttttttttttttttttttttttttttttttttttttttttt	
gate-igor/16	gate	igor	GET	/jobs/{}	50	1.30.0	1.38.0	xxxxxxxxxxxxxxxxxxxxxxxxxxxxxxxxxxxxxxxxxxxxxxxxxx	/jobs/{master} @1.30.0..1.38.0	exact	tttttttttttttttttttttttttttttttttttttttttttttttttt	
gate-igor/17	gate	igor	GET	/jobs/{}/**	50	1.30.0	1.38.0	xxxxxxxxxxxxxxxxxxxxxxxxxxxxxxxxxxxxxxxxxxxxxxxxxx	/jobs/{master}/** @1.30.0..1.38.0	template	tttttttttttttttttttttttttttttttttttttttttttttttttt	
gate-igor/18	gate	igor	GET	/masters	50	1.30.0	1.38.0	xxxxxxxxxxxxxxxxxxxxxxxxxxxxxxxxxxxxxxxxxxxxxxxxxx	/masters @1.30.0..1.38.0	exact	tttttttttttttttttttttttttttttttttttttttttttttttttt	
gate-igor/19	gate	igor	GET	/nexus/names	50	1.30.0	1.38.0	xxxxxxxxxxxxxxxxxxxxxxxxxxxxxxxxxxxxxxxxxxxxxxxxxx	/nexus/names @1.30.0..1.38.0	exact	tttttttttttttttttttttttttttttttttttttttttttttttttt	
gate-kayenta/1	gate	kayenta	POST	/canary	50	1.30.0	1.38.0	xxxxxxxxxxxxxxxxxxxxxxxxxxxxxxxxxxxxxxxxxxxxxxxxxx	/canary @1.30.0..1.38.0	exact	tttttttttttttttttttttttttttttttttttttttttttttttttt	
gate-kayenta/2	gate	kayenta	GET	/canary/executions	50	1.30.0	1.38.0	xxxxxxxxxxxxxxxxxxxxxxxxxxxxxxxxxxxxxxxxxxxxxxxxxx	/canary/executions @1.30.0..1.38.0	exact	tttttttttttttttttttttttttttttttttttttttttttttttttt	
gate-kayenta/3	gate	kayenta	GET	/canary/{}	50	1.30.0	1.38.0	xxxxxxxxxxxxxxxxxxxxxxxxxxxxxxxxxxxxxxxxxxxxxxxxxx	/canary/{canaryExecutionId} @1.30.0..1.38.0	exact	tttttttttttttttttttttttttttttttttttttttttttttttttt	
gate-kayenta/4	gate	kayenta	POST	/canary/{}	50	1.30.0	1.38.0	xxxxxxxxxxxxxxxxxxxxxxxxxxxxxxxxxxxxxxxxxxxxxxxxxx	/canary/{canaryConfigId} @1.30.0..1.38.0	exact	tttttttttttttttttttttttttttttttttttttttttttttttttt	
gate-kayenta/5	gate	kayenta	GET	/canaryConfig	50	1.30.0	1.38.0	xxxxxxxxxxxxxxxxxxxxxxxxxxxxxxxxxxxxxxxxxxxxxxxxxx	/canaryConfig @1.30.0..1.38.0	exact	tttttttttttttttttttttttttttttttttttttttttttttttttt	
gate-kayenta/6	gate	kayenta	POST	/canaryConfig	50	1.30.0	1.38.0	xxxxxxxxxxxxxxxxxxxxxxxxxxxxxxxxxxxxxxxxxxxxxxxxxx	/canaryConfig @1.30.0..1.38.0	exact	tttttttttttttttttttttttttttttttttttttttttttttttttt	
gate-kayenta/7	gate	kayenta	DELETE	/canaryConfig/{}	50	1.30.0	1.38.0	xxxxxxxxxxxxxxxxxxxxxxxxxxxxxxxxxxxxxxxxxxxxxxxxxx	/canaryConfig/{canaryConfigId} @1.30.0..1.38.0	exact	oooooooooooooooooooooooooooooooooooooooooooooooooo	
gate-kayenta/8	gate	kayenta	GET	/canaryConfig/{}	50	1.30.0	1.38.0	xxxxxxxxxxxxxxxxxxxxxxxxxxxxxxxxxxxxxxxxxxxxxxxxxx	/canaryConfig/{canaryConfigId} @1.30.0..1.38.0	exact	tttttttttttttttttttttttttttttttttttttttttttttttttt	
gate-kayenta/9	gate	kayenta	PUT	/canaryConfig/{}	50	1.30.0	1.38.0	xxxxxxxxxxxxxxxxxxxxxxxxxxxxxxxxxxxxxxxxxxxxxxxxxx	/canaryConfig/{canaryConfigId} @1.30.0..1.38.0	exact	tttttttttttttttttttttttttttttttttttttttttttttttttt	
gate-kayenta/10	gate	kayenta	GET	/credentials	50	1.30.0	1.38.0	xxxxxxxxxxxxxxxxxxxxxxxxxxxxxxxxxxxxxxxxxxxxxxxxxx	/credentials @1.30.0..1.38.0	exact	tttttttttttttttttttttttttttttttttttttttttttttttttt	
gate-kayenta/11	gate	kayenta	GET	/judges	50	1.30.0	1.38.0	xxxxxxxxxxxxxxxxxxxxxxxxxxxxxxxxxxxxxxxxxxxxxxxxxx	/judges @1.30.0..1.38.0	exact	tttttttttttttttttttttttttttttttttttttttttttttttttt	
gate-kayenta/12	gate	kayenta	GET	/metadata/metricsService	50	1.30.0	1.38.0	xxxxxxxxxxxxxxxxxxxxxxxxxxxxxxxxxxxxxxxxxxxxxxxxxx	/metadata/metricsService @1.30.0..1.38.0	exact	tttttttttttttttttttttttttttttttttttttttttttttttttt	
gate-kayenta/13	gate	kayenta	GET	/metricSetPairList/{}	50	1.30.0	1.38.0	xxxxxxxxxxxxxxxxxxxxxxxxxxxxxxxxxxxxxxxxxxxxxxxxxx	/metricSetPairList/{metricSetPairListId} @1.30.0..1.38.0	exact	tttttttttttttttttttttttttttttttttttttttttttttttttt	
gate-orca/1	gate	orca	GET	/applications/{}/pipelines/search	50	1.30.0	1.38.0	xxxxxxxxxxxxxxxxxxxxxxxxxxxxxxxxxxxxxxxxxxxxxxxxxx	/applications/{application}/pipelines/search @1.30.0..1.38.0	exact	tttttttttttttttttttttttttttttttttttttttttttttttttt	
gate-orca/2	gate	orca	GET	/applications/{}/tasks	50	1.30.0	1.38.0	xxxxxxxxxxxxxxxxxxxxxxxxxxxxxxxxxxxxxxxxxxxxxxxxxx	/applications/{application}/tasks @1.30.0..1.38.0	exact	tttttttttttttttttttttttttttttttttttttttttttttttttt	
gate-orca/3	gate	orca	GET	/capabilities/deploymentMonitors	50	1.30.0	1.38.0	xxxxxxxxxxxxxxxxxxxxxxxxxxxxxxxxxxxxxxxxxxxxxxxxxx	/capabilities/deploymentMonitors @1.30.0..1.38.0	exact	tttttttttttttttttttttttttttttttttttttttttttttttttt	
gate-orca/4	gate	orca	GET	/capabilities/expressions	50	1.30.0	1.38.0	xxxxxxxxxxxxxxxxxxxxxxxxxxxxxxxxxxxxxxxxxxxxxxxxxx	/capabilities/expressions @1.30.0..1.38.0	exact	tttttttttttttttttttttttttttttttttttttttttttttttttt	
gate-orca/5	gate	orca	POST	/concourse/stage/start	50	1.30.0	1.38.0	xxxxxxxxxxxxxxxxxxxxxxxxxxxxxxxxxxxxxxxxxxxxxxxxxx	/concourse/stage/start @1.30.0..1.38.0	exact	oooooooooooooooooooooooooooooooooooooooooooooooooo	
gate-orca/6	gate	orca	POST	/convertPipelineToTemplate	50	1.30.0	1.38.0	xxxxxxxxxxxxxxxxxxxxxxxxxxxxxxxxxxxxxxxxxxxxxxxxxx	/convertPipelineToTemplate @1.30.0..1.38.0	exact	oooooooooooooooooooooooooooooooooooooooooooooooooo	
gate-orca/7	gate	orca	GET	/jobs/preconfigured	50	1.30.0	1.38.0	xxxxxxxxxxxxxxxxxxxxxxxxxxxxxxxxxxxxxxxxxxxxxxxxxx	/jobs/preconfigured @1.30.0..1.38.0	exact	tttttttttttttttttttttttttttttttttttttttttttttttttt	
gate-orca/8	gate	orca	POST	/ops	50	1.30.0	1.38.0	xxxxxxxxxxxxxxxxxxxxxxxxxxxxxxxxxxxxxxxxxxxxxxxxxx	/ops @1.30.0..1.38.0	exact	tttttttttttttttttttttttttttttttttttttttttttttttttt	
gate-orca/9	gate	orca	POST	/orchestrate	50	1.30.0	1.38.0	xxxxxxxxxxxxxxxxxxxxxxxxxxxxxxxxxxxxxxxxxxxxxxxxxx	/orchestrate @1.30.0..1.38.0	exact	tttttttttttttttttttttttttttttttttttttttttttttttttt	
gate-orca/10	gate	orca	GET	/pipelineTemplate	50	1.30.0	1.38.0	xxxxxxxxxxxxxxxxxxxxxxxxxxxxxxxxxxxxxxxxxxxxxxxxxx	/pipelineTemplate @1.30.0..1.38.0	exact	tttttttttttttttttttttttttttttttttttttttttttttttttt	
gate-orca/11	gate	orca	GET	/pipelines	50	1.30.0	1.38.0	xxxxxxxxxxxxxxxxxxxxxxxxxxxxxxxxxxxxxxxxxxxxxxxxxx	/pipelines @1.30.0..1.38.0	exact	tttttttttttttttttttttttttttttttttttttttttttttttttt	
gate-orca/12	gate	orca	DELETE	/pipelines/{}	50	1.30.0	1.38.0	xxxxxxxxxxxxxxxxxxxxxxxxxxxxxxxxxxxxxxxxxxxxxxxxxx	/pipelines/{id} @1.30.0..1.38.0	exact	tttttttttttttttttttttttttttttttttttttttooooooooooo	
gate-orca/13	gate	orca	GET	/pipelines/{}	50	1.30.0	1.38.0	xxxxxxxxxxxxxxxxxxxxxxxxxxxxxxxxxxxxxxxxxxxxxxxxxx	/pipelines/{id} @1.30.0..1.38.0	exact	tttttttttttttttttttttttttttttttttttttttttttttttttt	
gate-orca/14	gate	orca	PUT	/pipelines/{}/cancel	50	1.30.0	1.38.0	xxxxxxxxxxxxxxxxxxxxxxxxxxxxxxxxxxxxxxxxxxxxxxxxxx	/pipelines/{id}/cancel @1.30.0..1.38.0	exact	tttttttttttttttttttttttttttttttttttttttooooooooooo	
gate-orca/15	gate	orca	GET	/pipelines/{}/evaluateExpression	50	1.30.0	1.38.0	xxxxxxxxxxxxxxxxxxxxxxxxxxxxxxxxxxxxxxxxxxxxxxxxxx	/pipelines/{id}/evaluateExpression @1.30.0..1.38.0	exact	tttttttttttttttttttttttttttttttttttttttttttttttttt	
gate-orca/16	gate	orca	POST	/pipelines/{}/evaluateVariables	50	1.30.0	1.38.0	xxxxxxxxxxxxxxxxxxxxxxxxxxxxxxxxxxxxxxxxxxxxxxxxxx	/pipelines/{id}/evaluateVariables @1.30.0..1.38.0	exact	tttttttttttttttttttttttttttttttttttttttttttttttttt	
gate-orca/17	gate	orca	PUT	/pipelines/{}/pause	50	1.30.0	1.38.0	xxxxxxxxxxxxxxxxxxxxxxxxxxxxxxxxxxxxxxxxxxxxxxxxxx	/pipelines/{id}/pause @1.30.0..1.38.0	exact	tttttttttttttttttttttttttttttttttttttttooooooooooo	
gate-orca/18	gate	orca	PUT	/pipelines/{}/resume	50	1.30.0	1.38.0	xxxxxxxxxxxxxxxxxxxxxxxxxxxxxxxxxxxxxxxxxxxxxxxxxx	/pipelines/{id}/resume @1.30.0..1.38.0	exact	tttttttttttttttttttttttttttttttttttttttooooooooooo	
gate-orca/19	gate	orca	PATCH	/pipelines/{}/stages/{}	50	1.30.0	1.38.0	xxxxxxxxxxxxxxxxxxxxxxxxxxxxxxxxxxxxxxxxxxxxxxxxxx	/pipelines/{id}/stages/{stageId} @1.30.0..1.38.0	exact	tttttttttttttttttttttttttttttttttttttttttttttttttt	
gate-orca/20	gate	orca	PUT	/pipelines/{}/stages/{}/restart	50	1.30.0	1.38.0	xxxxxxxxxxxxxxxxxxxxxxxxxxxxxxxxxxxxxxxxxxxxxxxxxx	/pipelines/{id}/stages/{stageId}/restart @1.30.0..1.38.0	exact	tttttttttttttttttttttttttttttttttttttttttttttttttt	
gate-orca/21	gate	orca	GET	/pipelines/{}/{}/evaluateExpression	50	1.30.0	1.38.0	xxxxxxxxxxxxxxxxxxxxxxxxxxxxxxxxxxxxxxxxxxxxxxxxxx	/pipelines/{id}/{stageId}/evaluateExpression @1.30.0..1.38.0	exact	tttttttttttttttttttttttttttttttttttttttttttttttttt	
gate-orca/22	gate	orca	GET	/projects/{}/pipelines	50	1.30.0	1.38.0	xxxxxxxxxxxxxxxxxxxxxxxxxxxxxxxxxxxxxxxxxxxxxxxxxx	/projects/{projectId}/pipelines @1.30.0..1.38.0	exact	tttttttttttttttttttttttttttttttttttttttttttttttttt	
gate-orca/23	gate	orca	PUT	/tasks/cancel	50	1.30.0	1.38.0	xxxxxxxxxxxxxxxxxxxxxxxxxxxxxxxxxxxxxxxxxxxxxxxxxx	/tasks/cancel @1.30.0..1.38.0	exact	tttttttttttttttttttttttttttttttttttttttttttttttttt	
gate-orca/24	gate	orca	DELETE	/tasks/{}	50	1.30.0	1.38.0	xxxxxxxxxxxxxxxxxxxxxxxxxxxxxxxxxxxxxxxxxxxxxxxxxx	/tasks/{id} @1.30.0..1.38.0	exact	tttttttttttttttttttttttttttttttttttttttttttttttttt	
gate-orca/25	gate	orca	GET	/tasks/{}	50	1.30.0	1.38.0	xxxxxxxxxxxxxxxxxxxxxxxxxxxxxxxxxxxxxxxxxxxxxxxxxx	/tasks/{id} @1.30.0..1.38.0	exact	tttttttttttttttttttttttttttttttttttttttttttttttttt	
gate-orca/26	gate	orca	PUT	/tasks/{}/cancel	50	1.30.0	1.38.0	xxxxxxxxxxxxxxxxxxxxxxxxxxxxxxxxxxxxxxxxxxxxxxxxxx	/tasks/{id}/cancel @1.30.0..1.38.0	exact	tttttttttttttttttttttttttttttttttttttttttttttttttt	
gate-orca/27	gate	orca	GET	/v2/applications/{}/pipelines	50	1.30.0	1.38.0	xxxxxxxxxxxxxxxxxxxxxxxxxxxxxxxxxxxxxxxxxxxxxxxxxx	/v2/applications/{application}/pipelines @1.30.0..1.38.0	exact	tttttttttttttttttttttttttttttttttttttttttttttttttt	
gate-orca/28	gate	orca	POST	/v2/pipelineTemplates/plan	50	1.30.0	1.38.0	xxxxxxxxxxxxxxxxxxxxxxxxxxxxxxxxxxxxxxxxxxxxxxxxxx	/v2/pipelineTemplates/plan @1.30.0..1.38.0	exact	tttttttttttttttttttttttttttttttttttttttttttttttttt	
gate-orca/29	gate	orca	GET	/webhooks/preconfigured	50	1.30.0	1.38.0	xxxxxxxxxxxxxxxxxxxxxxxxxxxxxxxxxxxxxxxxxxxxxxxxxx	/webhooks/preconfigured @1.30.0..1.38.0	exact	tttttttttttttttttttttttttttttttttttttttttttttttttt	
gate-rosco/1	gate	rosco	GET	/api/v1/{}/logs/{}	50	1.30.0	1.38.0	xxxxxxxxxxxxxxxxxxxxxxxxxxxxxxxxxxxxxxxxxxxxxxxxxx	/api/v1/{region}/logs/{statusId} @1.30.0..1.38.0	exact	tttttttttttttttttttttttttttttttttttttttttttttttttt	
gate-rosco/2	gate	rosco	GET	/bakeOptions	50	1.30.0	1.38.0	xxxxxxxxxxxxxxxxxxxxxxxxxxxxxxxxxxxxxxxxxxxxxxxxxx	/bakeOptions @1.30.0..1.38.0	exact	tttttttttttttttttttttttttttttttttttttttttttttttttt	
gate-rosco/3	gate	rosco	GET	/bakeOptions/{}	50	1.30.0	1.38.0	xxxxxxxxxxxxxxxxxxxxxxxxxxxxxxxxxxxxxxxxxxxxxxxxxx	/bakeOptions/{cloudProvider} @1.30.0..1.38.0	exact	tttttttttttttttttttttttttttttttttttttttttttttttttt	
igor-clouddriver/1	igor	clouddriver	GET	/artifacts/credentials	50	1.30.0	1.38.0	xxxxxxxxxxxxxxxxxxxxxxxxxxxxxxxxxxxxxxxxxxxxxxxxxx	/artifacts/credentials @1.30.0..1.38.0	exact	tttttttttttttttttttttttttttttttttttttttttttttttttt	
igor-clouddriver/2	igor	clouddriver	PUT	/artifacts/fetch	50	1.30.0	1.38.0	xxxxxxxxxxxxxxxxxxxxxxxxxxxxxxxxxxxxxxxxxxxxxxxxxx	/artifacts/fetch @1.30.0..1.38.0	exact	tttttttttttttttttttttttttttttttttttttttttttttttttt	
igor-clouddriver/3	igor	clouddriver	GET	/credentials	50	1.30.0	1.38.0	xxxxxxxxxxxxxxxxxxxxxxxxxxxxxxxxxxxxxxxxxxxxxxxxxx	/credentials @1.30.0..1.38.0	exact	tttttttttttttttttttttttttttttttttttttttttttttttttt	
igor-clouddriver/4	igor	clouddriver	GET	/credentials/{}	50	1.30.0	1.38.0	xxxxxxxxxxxxxxxxxxxxxxxxxxxxxxxxxxxxxxxxxxxxxxxxxx	/credentials/{accountName} @1.30.0..1.38.0	exact	tttttttttttttttttttttttttttttttttttttttttttttttttt	
igor-clouddriver/5	igor	clouddriver	GET	/dockerRegistry/images/find	50	1.30.0	1.38.0	xxxxxxxxxxxxxxxxxxxxxxxxxxxxxxxxxxxxxxxxxxxxxxxxxx	/dockerRegistry/images/find @1.30.0..1.38.0	exact	tttttttttttttttttttttttttttttttttttttttttttttttttt	
igor-echo/1	igor	echo	POST	/	50	1.30.0	1.38.0	xxxxxxxxxxxxxxxxxxxxxxxxxxxxxxxxxxxxxxxxxxxxxxxxxx	/ @1.30.0..1.38.0	exact	tttttttttttttttttttttttttttttttttttttttttttttttttt	
igor-front50/1	igor	front50	GET	/pluginInfo	50	1.30.0	1.38.0	xxxxxxxxxxxxxxxxxxxxxxxxxxxxxxxxxxxxxxxxxxxxxxxxxx	/pluginInfo @1.30.0..1.38.0	exact	tttttttttttttttttttttttttttttttttttttttttttttttttt	
orca-clouddriver/1	orca	clouddriver	GET	/applications/{}	50	1.30.0	1.38.0	xxxxxxxxxxxxxxxxxxxxxxxxxxxxxxxxxxxxxxxxxxxxxxxxxx	/applications/{name} @1.30.0..1.38.0	exact	oooooooooooooooooooooooooooooooooooooooooooooooooo	
orca-clouddriver/2	orca	clouddriver	GET	/applications/{}/clusters/{}/{}/{}	50	1.30.0	1.38.0	xxxxxxxxxxxxxxxxxxxxxxxxxxxxxxxxxxxxxxxxxxxxxxxxxx	/applications/{application}/clusters/{account}/{name}/{type} @1.30.0..1.38.0	exact	oooooooooooooooooooooooooooooooooooooooooooooooooo	
orca-clouddriver/3	orca	clouddriver	GET	/applications/{}/clusters/{}/{}/{}/serverGroups/{}	50	1.30.0	1.38.0	xxxxxxxxxxxxxxxxxxxxxxxxxxxxxxxxxxxxxxxxxxxxxxxxxx	/applications/{application}/clusters/{account}/{clusterName}/{type}/serverGroups/{serverGroupName} @1.30.0..1.38.0	exact	oooooooooooooooooooooooooooooooooooooooooooooooooo	
orca-clouddriver/4	orca	clouddriver	GET	/applications/{}/clusters/{}/{}/{}/{}/serverGroups/target/{}	50	1.30.0	1.38.0	xxxxxxxxxxxxxxxxxxxxxxxxxxxxxxxxxxxxxxxxxxxxxxxxxx	/applications/{application}/clusters/{account}/{clusterName}/{cloudProvider}/{scope}/serverGroups/target/{target} @1.30.0..1.38.0	exact	ooooooooooooooootttttttttttttttttttttttttttttttttt	
orca-clouddriver/5	orca	clouddriver	GET	/applications/{}/clusters/{}/{}/{}/{}/serverGroups/target/{}/{}	50	1.30.0	1.38.0	xxxxxxxxxxxxxxxxxxxxxxxxxxxxxxxxxxxxxxxxxxxxxxxxxx	/applications/{application}/clusters/{account}/{clusterName}/{cloudProvider}/{scope}/serverGroups/target/{target}/{summaryType} @1.30.0..1.38.0	exact	tttttttttttttttttttttttttttttttttttttttttttttttttt	
orca-clouddriver/6	orca	clouddriver	DELETE	/applications/{}/jobs/{}/{}/{}	50	1.30.0	1.38.0	xxxxxxxxxxxxxxxxxxxxxxxxxxxxxxxxxxxxxxxxxxxxxxxxxx	/applications/{application}/jobs/{account}/{location}/{id} @1.30.0..1.38.0	exact	oooooooooooooooooooooooooooooooooooooooooooooooooo	
orca-clouddriver/7	orca	clouddriver	GET	/applications/{}/jobs/{}/{}/{}	50	1.30.0	1.38.0	xxxxxxxxxxxxxxxxxxxxxxxxxxxxxxxxxxxxxxxxxxxxxxxxxx	/applications/{application}/jobs/{account}/{location}/{id} @1.30.0..1.38.0	exact	oooooooooooooooooooooooooooooooooooooooooooooooooo	
orca-clouddriver/8	orca	clouddriver	GET	/applications/{}/jobs/{}/{}/{}/{}	50	1.30.0	1.38.0	xxxxxxxxxxxxxxxxxxxxxxxxxxxxxxxxxxxxxxxxxxxxxxxxxx	/applications/{application}/jobs/{account}/{location}/{id}/{fileName} @1.30.0..1.38.0	exact	tttttttttttttttttttttttttttttttttttttttttttttttttt	
orca-clouddriver/9	orca	clouddriver	GET	/applications/{}/kubernetes/pods/{}/{}/{}/{}	17	1.36.0	1.38.0	.................................xxxxxxxxxxxxxxxxx	/applications/{application}/kubernetes/pods/{account}/{namespace}/{podName}/{fileName} @1.36.0..1.38.0	exact	.................................ttttttttttttttttt	
orca-clouddriver/10	orca	clouddriver	GET	/applications/{}/serverGroups	50	1.30.0	1.38.0	xxxxxxxxxxxxxxxxxxxxxxxxxxxxxxxxxxxxxxxxxxxxxxxxxx	/applications/{application}/serverGroups @1.30.0..1.38.0	exact	oooooooooooooooooooooooooooooooooooooooooooooooooo	
orca-clouddriver/11	orca	clouddriver	GET	/applications/{}/serverGroups/{}/{}/{}	50	1.30.0	1.38.0	xxxxxxxxxxxxxxxxxxxxxxxxxxxxxxxxxxxxxxxxxxxxxxxxxx	/applications/{application}/serverGroups/{account}/{region}/{name} @1.30.0..1.38.0	exact	oooooooooooooooooooooooooooooooooooooooooooooooooo	
orca-clouddriver/12	orca	clouddriver	PUT	/artifacts/fetch	50	1.30.0	1.38.0	xxxxxxxxxxxxxxxxxxxxxxxxxxxxxxxxxxxxxxxxxxxxxxxxxx	/artifacts/fetch @1.30.0..1.38.0	exact	oooooooooooooooooooooooooooooooooooooooooooooooooo	
orca-clouddriver/13	orca	clouddriver	GET	/aws/cloudFormation/stacks/**	50	1.30.0	1.38.0	xxxxxxxxxxxxxxxxxxxxxxxxxxxxxxxxxxxxxxxxxxxxxxxxxx	/aws/cloudFormation/stacks/** @1.30.0..1.38.0	template	tttttttttttttttttttttttttttttttttttttttttttttttttt	
orca-clouddriver/14	orca	clouddriver	GET	/aws/images/find	50	1.30.0	1.38.0	xxxxxxxxxxxxxxxxxxxxxxxxxxxxxxxxxxxxxxxxxxxxxxxxxx	/aws/images/find @1.30.0..1.38.0	dispatch	tttttttttttttttttttttttttttttttttttttttttttttttttt	
orca-clouddriver/15	orca	clouddriver	GET	/aws/images/{}/{}/{}	50	1.30.0	1.38.0	xxxxxxxxxxxxxxxxxxxxxxxxxxxxxxxxxxxxxxxxxxxxxxxxxx	/aws/images/{account}/{region}/{imageId} @1.30.0..1.38.0	dispatch	tttttttttttttttttttttttttttttttttttttttttttttttttt	
orca-clouddriver/16	orca	clouddriver	GET	/azure/images/find	50	1.30.0	1.38.0	xxxxxxxxxxxxxxxxxxxxxxxxxxxxxxxxxxxxxxxxxxxxxxxxxx	/azure/images/find @1.30.0..1.38.0	dispatch	tttttttttttttttttttttttttttttttttttttttttttttttttt	
orca-clouddriver/17	orca	clouddriver	GET	/azure/images/{}/{}/{}	50	1.30.0	1.38.0	xxxxxxxxxxxxxxxxxxxxxxxxxxxxxxxxxxxxxxxxxxxxxxxxxx	/azure/images/{account}/{region}/{imageId} @1.30.0..1.38.0	dispatch	tttttttttttttttttttttttttttttttttttttttttttttttttt	
orca-clouddriver/18	orca	clouddriver	GET	/cache/{}/{}	50	1.30.0	1.38.0	xxxxxxxxxxxxxxxxxxxxxxxxxxxxxxxxxxxxxxxxxxxxxxxxxx	/cache/{cloudProvider}/{type} @1.30.0..1.38.0	exact	tttttttttttttttttttttttttttttttttttttttttttttttttt	
orca-clouddriver/19	orca	clouddriver	POST	/cache/{}/{}	50	1.30.0	1.38.0	xxxxxxxxxxxxxxxxxxxxxxxxxxxxxxxxxxxxxxxxxxxxxxxxxx	/cache/{cloudProvider}/{type} @1.30.0..1.38.0	exact	oooooooooooooooooooooooooooooooooooooooooooooooooo	
orca-clouddriver/20	orca	clouddriver	GET	/cloudfoundry/images/find	50	1.30.0	1.38.0	xxxxxxxxxxxxxxxxxxxxxxxxxxxxxxxxxxxxxxxxxxxxxxxxxx	/cloudfoundry/images/find @1.30.0..1.38.0	dispatch	tttttttttttttttttttttttttttttttttttttttttttttttttt	
orca-clouddriver/21	orca	clouddriver	GET	/credentials	50	1.30.0	1.38.0	xxxxxxxxxxxxxxxxxxxxxxxxxxxxxxxxxxxxxxxxxxxxxxxxxx	/credentials @1.30.0..1.38.0	exact	tttttttttttttttttttttttttttttttttttttttttttttttttt	
orca-clouddriver/22	orca	clouddriver	GET	/credentials/{}	50	1.30.0	1.38.0	xxxxxxxxxxxxxxxxxxxxxxxxxxxxxxxxxxxxxxxxxxxxxxxxxx	/credentials/{accountName} @1.30.0..1.38.0	exact	tttttttttttttttttttttttttttttttttttttttttttttttttt	
orca-clouddriver/23	orca	clouddriver	GET	/dockerRegistry/images/find	50	1.30.0	1.38.0	xxxxxxxxxxxxxxxxxxxxxxxxxxxxxxxxxxxxxxxxxxxxxxxxxx	/dockerRegistry/images/find @1.30.0..1.38.0	dispatch	tttttttttttttttttttttttttttttttttttttttttttttttttt	
orca-clouddriver/24	orca	clouddriver	GET	/ecs/images/find	50	1.30.0	1.38.0	xxxxxxxxxxxxxxxxxxxxxxxxxxxxxxxxxxxxxxxxxxxxxxxxxx	/ecs/images/find @1.30.0..1.38.0	dispatch	tttttttttttttttttttttttttttttttttttttttttttttttttt	
orca-clouddriver/25	orca	clouddriver	GET	/features/stages	50	1.30.0	1.38.0	xxxxxxxxxxxxxxxxxxxxxxxxxxxxxxxxxxxxxxxxxxxxxxxxxx	/features/stages @1.30.0..1.38.0	exact	tttttttttttttttttttttttttttttttttttttttttttttttttt	
orca-clouddriver/26	orca	clouddriver	GET	/gce/images/find	50	1.30.0	1.38.0	xxxxxxxxxxxxxxxxxxxxxxxxxxxxxxxxxxxxxxxxxxxxxxxxxx	/gce/images/find @1.30.0..1.38.0	dispatch	tttttttttttttttttttttttttttttttttttttttttttttttttt	
orca-clouddriver/27	orca	clouddriver	GET	/huaweicloud/images/find	50	1.30.0	1.38.0	xxxxxxxxxxxxxxxxxxxxxxxxxxxxxxxxxxxxxxxxxxxxxxxxxx	/huaweicloud/images/find @1.30.0..1.38.0	dispatch	tttttttttttttttttttttttttttttttttttttttttttttttttt	
orca-clouddriver/28	orca	clouddriver	GET	/instances/{}/{}/{}	50	1.30.0	1.38.0	xxxxxxxxxxxxxxxxxxxxxxxxxxxxxxxxxxxxxxxxxxxxxxxxxx	/instances/{account}/{region}/{id} @1.30.0..1.38.0	exact	oooooooooooooooooooooooooooooooooooooooooooooooooo	
orca-clouddriver/29	orca	clouddriver	GET	/manifests/{}/_/{}	50	1.30.0	1.38.0	xxxxxxxxxxxxxxxxxxxxxxxxxxxxxxxxxxxxxxxxxxxxxxxxxx	/manifests/{account}/_/{name} @1.30.0..1.38.0	exact	tttttttttttttttttttttttttttttttttttttttttttttttttt	
orca-clouddriver/30	orca	clouddriver	GET	/manifests/{}/{}/{}	50	1.30.0	1.38.0	xxxxxxxxxxxxxxxxxxxxxxxxxxxxxxxxxxxxxxxxxxxxxxxxxx	/manifests/{account}/{location}/{name} @1.30.0..1.38.0	exact	tttttttttttttttttttttttttttttttttttttttttttttttttt	
orca-clouddriver/31	orca	clouddriver	GET	/manifests/{}/{}/{}/cluster/{}/{}	50	1.30.0	1.38.0	xxxxxxxxxxxxxxxxxxxxxxxxxxxxxxxxxxxxxxxxxxxxxxxxxx	/manifests/{account}/{location}/{kind}/cluster/{app}/{cluster} @1.30.0..1.38.0	exact	tttttttttttttttttttttttttttttttttttttttttttttttttt	
orca-clouddriver/32	orca	clouddriver	GET	/manifests/{}/{}/{}/cluster/{}/{}/dynamic/{}	50	1.30.0	1.38.0	xxxxxxxxxxxxxxxxxxxxxxxxxxxxxxxxxxxxxxxxxxxxxxxxxx	/manifests/{account}/{location}/{kind}/cluster/{app}/{cluster}/dynamic/{criteria} @1.30.0..1.38.0	exact	tttttttttttttttttttttttttttttttttttttttttttttttttt	
orca-clouddriver/33	orca	clouddriver	POST	/ops	50	1.30.0	1.38.0	xxxxxxxxxxxxxxxxxxxxxxxxxxxxxxxxxxxxxxxxxxxxxxxxxx	/ops @1.30.0..1.38.0	exact	tttttttttttttttttttttttttttttttttttttttttttttttttt	
orca-clouddriver/34	orca	clouddriver	GET	/oracle/images/find	50	1.30.0	1.38.0	xxxxxxxxxxxxxxxxxxxxxxxxxxxxxxxxxxxxxxxxxxxxxxxxxx	/oracle/images/find @1.30.0..1.38.0	dispatch	tttttttttttttttttttttttttttttttttttttttttttttttttt	
orca-clouddriver/35	orca	clouddriver	GET	/oracle/images/{}/{}/{}	50	1.30.0	1.38.0	xxxxxxxxxxxxxxxxxxxxxxxxxxxxxxxxxxxxxxxxxxxxxxxxxx	/oracle/images/{account}/{region}/{imageId} @1.30.0..1.38.0	dispatch	tttttttttttttttttttttttttttttttttttttttttttttttttt	
orca-clouddriver/36	orca	clouddriver	GET	/search	50	1.30.0	1.38.0	xxxxxxxxxxxxxxxxxxxxxxxxxxxxxxxxxxxxxxxxxxxxxxxxxx	/search @1.30.0..1.38.0	exact	tttttttttttttttttttttttttttttttttttttttttttttttttt	
orca-clouddriver/37	orca	clouddriver	GET	/securityGroups/{}/{}/{}/{}	50	1.30.0	1.38.0	xxxxxxxxxxxxxxxxxxxxxxxxxxxxxxxxxxxxxxxxxxxxxxxxxx	/securityGroups/{account}/{cloudProvider}/{region}/{securityGroupNameOrId} @1.30.0..1.38.0	exact	tttttttttttttttttttttttttttttttttttttttttttttttttt	
orca-clouddriver/38	orca	clouddriver	GET	/serverGroups/{}/{}/{}	50	1.30.0	1.38.0	xxxxxxxxxxxxxxxxxxxxxxxxxxxxxxxxxxxxxxxxxxxxxxxxxx	/serverGroups/{account}/{region}/{name} @1.30.0..1.38.0	exact	oooooooooooooooooooooooooooooooooooooooooooooooooo	
orca-clouddriver/39	orca	clouddriver	GET	/servicebroker/{}/serviceInstance	50	1.30.0	1.38.0	xxxxxxxxxxxxxxxxxxxxxxxxxxxxxxxxxxxxxxxxxxxxxxxxxx	/servicebroker/{account}/serviceInstance @1.30.0..1.38.0	exact	tttttttttttttttttttttttttttttttttttttttttttttttttt	
orca-clouddriver/40	orca	clouddriver	GET	/tags	50	1.30.0	1.38.0	xxxxxxxxxxxxxxxxxxxxxxxxxxxxxxxxxxxxxxxxxxxxxxxxxx	/tags @1.30.0..1.38.0	exact	tttttttttttttttttttttttttttttttttttttttttttttttttt	
orca-clouddriver/41	orca	clouddriver	GET	/task/{}	50	1.30.0	1.38.0	xxxxxxxxxxxxxxxxxxxxxxxxxxxxxxxxxxxxxxxxxxxxxxxxxx	/task/{id} @1.30.0..1.38.0	exact	tttttttttttttttttttttttttttttttttttttttttttttttttt	
orca-clouddriver/42	orca	clouddriver	POST	/task/{}:resume	50	1.30.0	1.38.0	xxxxxxxxxxxxxxxxxxxxxxxxxxxxxxxxxxxxxxxxxxxxxxxxxx	/task/{id}:resume @1.30.0..1.38.0	exact	tttttttttttttttttttttttttttttttttttttttttttttttttt	
orca-clouddriver/43	orca	clouddriver	GET	/titus/images/find	50	1.30.0	1.38.0	xxxxxxxxxxxxxxxxxxxxxxxxxxxxxxxxxxxxxxxxxxxxxxxxxx	/titus/images/find @1.30.0..1.38.0	dispatch	tttttttttttttttttttttttttttttttttttttttttttttttttt	
orca-clouddriver/44	orca	clouddriver	GET	/vpcs	50	1.30.0	1.38.0	xxxxxxxxxxxxxxxxxxxxxxxxxxxxxxxxxxxxxxxxxxxxxxxxxx	/vpcs @1.30.0..1.38.0	exact	tttttttttttttttttttttttttttttttttttttttttttttttttt	
orca-clouddriver/45	orca	clouddriver	GET	/yandex/images/find	50	1.30.0	1.38.0	xxxxxxxxxxxxxxxxxxxxxxxxxxxxxxxxxxxxxxxxxxxxxxxxxx	/yandex/images/find @1.30.0..1.38.0	dispatch	tttttttttttttttttttttttttttttttttttttttttttttttttt	
orca-clouddriver/46	orca	clouddriver	GET	/{}/loadBalancers/{}/{}/{}	50	1.30.0	1.38.0	xxxxxxxxxxxxxxxxxxxxxxxxxxxxxxxxxxxxxxxxxxxxxxxxxx	/{cloudProvider}/loadBalancers/{account}/{region}/{name} @1.30.0..1.38.0	exact	tttttttttttttttttttttttttttttttttttttttttttttttttt	
orca-clouddriver/47	orca	clouddriver	POST	/{}/ops	50	1.30.0	1.38.0	xxxxxxxxxxxxxxxxxxxxxxxxxxxxxxxxxxxxxxxxxxxxxxxxxx	/{cloudProvider}/ops @1.30.0..1.38.0	exact	tttttttttttttttttttttttttttttttttttttttttttttttttt	
orca-clouddriver/48	orca	clouddriver	POST	/{}/ops/{}	50	1.30.0	1.38.0	xxxxxxxxxxxxxxxxxxxxxxxxxxxxxxxxxxxxxxxxxxxxxxxxxx	/{cloudProvider}/ops/{name} @1.30.0..1.38.0	exact	oooooooooooooooooooooooooooooooooooooooooooooooooo	
orca-clouddriver/49	orca	clouddriver	PATCH	/{}/task/{}	30	1.34.0	1.38.0	....................xxxxxxxxxxxxxxxxxxxxxxxxxxxxxx	/{cloudProvider}/task/{id} @1.34.0..1.38.0	exact	....................tttttttttttttttttttttttttttttt	
orca-clouddriver/50	orca	clouddriver	GET	/{}/task/{}/owner	30	1.34.0	1.38.0	....................xxxxxxxxxxxxxxxxxxxxxxxxxxxxxx	/{cloudProvider}/task/{id}/owner @1.34.0..1.38.0	exact	....................tttttttttttttttttttttttttttttt	
orca-clouddriver/51	orca	clouddriver	POST	/{}/task/{}/restart	30	1.34.0	1.38.0	....................xxxxxxxxxxxxxxxxxxxxxxxxxxxxxx	/{cloudProvider}/task/{id}/restart @1.34.0..1.38.0	exact	....................tttttttttttttttttttttttttttttt	
orca-echo/1	orca	echo	POST	/	50	1.30.0	1.38.0	xxxxxxxxxxxxxxxxxxxxxxxxxxxxxxxxxxxxxxxxxxxxxxxxxx	/ @1.30.0..1.38.0	exact	oooooooooooooooooooooooooooooooooooooooooooooooooo	
orca-echo/2	orca	echo	POST	/notifications	50	1.30.0	1.38.0	xxxxxxxxxxxxxxxxxxxxxxxxxxxxxxxxxxxxxxxxxxxxxxxxxx	/notifications @1.30.0..1.38.0	exact	oooooooooooooooooooooooooooooooooooooooooooooooooo	
orca-fiat/1	orca	fiat	GET	/authorize/{}	50	1.30.0	1.38.0	xxxxxxxxxxxxxxxxxxxxxxxxxxxxxxxxxxxxxxxxxxxxxxxxxx	/authorize/{userId} @1.30.0..1.38.0	exact	tttttttttttttttttttttttttttttttttttttttttttttttttt	
orca-fiat/2	orca	fiat	POST	/authorize/{}/{}/create	50	1.30.0	1.38.0	xxxxxxxxxxxxxxxxxxxxxxxxxxxxxxxxxxxxxxxxxxxxxxxxxx	/authorize/{userId}/{resourceType}/create @1.30.0..1.38.0	exact	oooooooooooooooooooooooooooooooooooooooooooooooooo	
orca-fiat/3	orca	fiat	GET	/authorize/{}/{}/{}/{}	50	1.30.0	1.38.0	xxxxxxxxxxxxxxxxxxxxxxxxxxxxxxxxxxxxxxxxxxxxxxxxxx	/authorize/{userId}/{resourceType}/{resourceName}/{authorization} @1.30.0..1.38.0	exact	oooooooooooooooooooooooooooooooooooooooooooooooooo	
orca-fiat/4	orca	fiat	POST	/roles/sync	50	1.30.0	1.38.0	xxxxxxxxxxxxxxxxxxxxxxxxxxxxxxxxxxxxxxxxxxxxxxxxxx	/roles/sync @1.30.0..1.38.0	exact	tttttttttttttttttttttttttttttttttttttttttttttttttt	
orca-fiat/5	orca	fiat	POST	/roles/sync/serviceAccount/{}	50	1.30.0	1.38.0	xxxxxxxxxxxxxxxxxxxxxxxxxxxxxxxxxxxxxxxxxxxxxxxxxx	/roles/sync/serviceAccount/{serviceAccountId} @1.30.0..1.38.0	exact	tttttttttttttttttttttttttttttttttttttttttttttttttt	
orca-fiat/6	orca	fiat	DELETE	/roles/{}	50	1.30.0	1.38.0	xxxxxxxxxxxxxxxxxxxxxxxxxxxxxxxxxxxxxxxxxxxxxxxxxx	/roles/{userId} @1.30.0..1.38.0	exact	oooooooooooooooooooooooooooooooooooooooooooooooooo	
orca-fiat/7	orca	fiat	POST	/roles/{}	50	1.30.0	1.38.0	xxxxxxxxxxxxxxxxxxxxxxxxxxxxxxxxxxxxxxxxxxxxxxxxxx	/roles/{userId} @1.30.0..1.38.0	exact	oooooooooooooooooooooooooooooooooooooooooooooooooo	
orca-fiat/8	orca	fiat	PUT	/roles/{}	50	1.30.0	1.38.0	xxxxxxxxxxxxxxxxxxxxxxxxxxxxxxxxxxxxxxxxxxxxxxxxxx	/roles/{userId} @1.30.0..1.38.0	exact	oooooooooooooooooooooooooooooooooooooooooooooooooo	
orca-front50/1	orca	front50	POST	/actions/pipelines/reorder	50	1.30.0	1.38.0	xxxxxxxxxxxxxxxxxxxxxxxxxxxxxxxxxxxxxxxxxxxxxxxxxx	/actions/pipelines/reorder @1.30.0..1.38.0	exact	oooooooooooooooooooooooooooooooooooooooooooooooooo	
orca-front50/2	orca	front50	POST	/actions/strategies/reorder	50	1.30.0	1.38.0	xxxxxxxxxxxxxxxxxxxxxxxxxxxxxxxxxxxxxxxxxxxxxxxxxx	/actions/strategies/reorder @1.30.0..1.38.0	exact	oooooooooooooooooooooooooooooooooooooooooooooooooo	
orca-front50/3	orca	front50	DELETE	/applications/{}/deliveries/{}	50	1.30.0	1.38.0	xxxxxxxxxxxxxxxxxxxxxxxxxxxxxxxxxxxxxxxxxxxxxxxxxx	/applications/{application}/deliveries/{id} @1.30.0..1.38.0	exact	oooooooooooooooooooooooooooooooooooooooooooooooooo	
orca-front50/4	orca	front50	POST	/deliveries	50	1.30.0	1.38.0	xxxxxxxxxxxxxxxxxxxxxxxxxxxxxxxxxxxxxxxxxxxxxxxxxx	/deliveries @1.30.0..1.38.0	exact	tttttttttttttttttttttttttttttttttttttttttttttttttt	
orca-front50/5	orca	front50	GET	/deliveries/{}	50	1.30.0	1.38.0	xxxxxxxxxxxxxxxxxxxxxxxxxxxxxxxxxxxxxxxxxxxxxxxxxx	/deliveries/{id} @1.30.0..1.38.0	exact	tttttttttttttttttttttttttttttttttttttttttttttttttt	
orca-front50/6	orca	front50	PUT	/deliveries/{}	50	1.30.0	1.38.0	xxxxxxxxxxxxxxxxxxxxxxxxxxxxxxxxxxxxxxxxxxxxxxxxxx	/deliveries/{id} @1.30.0..1.38.0	exact	tttttttttttttttttttttttttttttttttttttttttttttttttt	
orca-front50/7	orca	front50	GET	/notifications/{}/{}	50	1.30.0	1.38.0	xxxxxxxxxxxxxxxxxxxxxxxxxxxxxxxxxxxxxxxxxxxxxxxxxx	/notifications/{type}/{name} @1.30.0..1.38.0	template	tttttttttttttttttttttttttttttttttttttttttttttttttt	
orca-front50/8	orca	front50	DELETE	/permissions/applications/{}	50	1.30.0	1.38.0	xxxxxxxxxxxxxxxxxxxxxxxxxxxxxxxxxxxxxxxxxxxxxxxxxx	/permissions/applications/{appName} @1.30.0..1.38.0	exact	oooooooooooooooooooooooooooooooooooooooooooooooooo	
orca-front50/9	orca	front50	PUT	/permissions/applications/{}	50	1.30.0	1.38.0	xxxxxxxxxxxxxxxxxxxxxxxxxxxxxxxxxxxxxxxxxxxxxxxxxx	/permissions/applications/{appName} @1.30.0..1.38.0	exact	oooooooooooooooooooooooooooooooooooooooooooooooooo	
orca-front50/10	orca	front50	GET	/pipelineTemplates	50	1.30.0	1.38.0	xxxxxxxxxxxxxxxxxxxxxxxxxxxxxxxxxxxxxxxxxxxxxxxxxx	/pipelineTemplates @1.30.0..1.38.0	exact	tttttttttttttttttttttttttttttttttttttttttttttttttt	
orca-front50/11	orca	front50	POST	/pipelineTemplates	50	1.30.0	1.38.0	xxxxxxxxxxxxxxxxxxxxxxxxxxxxxxxxxxxxxxxxxxxxxxxxxx	/pipelineTemplates @1.30.0..1.38.0	exact	oooooooooooooooooooooooooooooooooooooooooooooooooo	
orca-front50/12	orca	front50	DELETE	/pipelineTemplates/{}	50	1.30.0	1.38.0	xxxxxxxxxxxxxxxxxxxxxxxxxxxxxxxxxxxxxxxxxxxxxxxxxx	/pipelineTemplates/{id} @1.30.0..1.38.0	exact	oooooooooooooooooooooooooooooooooooooooooooooooooo	
orca-front50/13	orca	front50	GET	/pipelineTemplates/{}	50	1.30.0	1.38.0	xxxxxxxxxxxxxxxxxxxxxxxxxxxxxxxxxxxxxxxxxxxxxxxxxx	/pipelineTemplates/{id} @1.30.0..1.38.0	exact	tttttttttttttttttttttttttttttttttttttttttttttttttt	
orca-front50/14	orca	front50	PUT	/pipelineTemplates/{}	50	1.30.0	1.38.0	xxxxxxxxxxxxxxxxxxxxxxxxxxxxxxxxxxxxxxxxxxxxxxxxxx	/pipelineTemplates/{id} @1.30.0..1.38.0	exact	oooooooooooooooooooooooooooooooooooooooooooooooooo	
orca-front50/15	orca	front50	GET	/pipelineTemplates/{}/dependentPipelines	50	1.30.0	1.38.0	xxxxxxxxxxxxxxxxxxxxxxxxxxxxxxxxxxxxxxxxxxxxxxxxxx	/pipelineTemplates/{id}/dependentPipelines @1.30.0..1.38.0	exact	tttttttttttttttttttttttttttttttttttttttttttttttttt	
orca-front50/16	orca	front50	GET	/pipelines	50	1.30.0	1.38.0	xxxxxxxxxxxxxxxxxxxxxxxxxxxxxxxxxxxxxxxxxxxxxxxxxx	/pipelines @1.30.0..1.38.0	exact	tttttttttttttttttttttttttttttttttttttttttttttttttt	
orca-front50/17	orca	front50	POST	/pipelines	50	1.30.0	1.38.0	xxxxxxxxxxxxxxxxxxxxxxxxxxxxxxxxxxxxxxxxxxxxxxxxxx	/pipelines @1.30.0..1.38.0	exact	oooooooooooooooooooooooooooooooooooooooooooooooooo	
orca-front50/18	orca	front50	POST	/pipelines/batchUpdate	17	1.36.0	1.38.0	.................................xxxxxxxxxxxxxxxxx	/pipelines/batchUpdate @1.36.0..1.38.0	exact	.................................ooooooooooooooooo	
orca-front50/19	orca	front50	GET	/pipelines/triggeredBy/{}/{}	43	1.31.0	1.38.0	.......xxxxxxxxxxxxxxxxxxxxxxxxxxxxxxxxxxxxxxxxxxx	/pipelines/triggeredBy/{id}/{status} @1.31.0..1.38.0	exact	.......ttttttttttttttttttttttttttttttttttttttttttt	
orca-front50/20	orca	front50	GET	/pipelines/{}	50	1.30.0	1.38.0	xxxxxxxxxxxxxxxxxxxxxxxxxxxxxxxxxxxxxxxxxxxxxxxxxx	/pipelines/{application} @1.30.0..1.38.0	exact	tttttttttttttttttttttttttttttttttttttttttttttttttt	
orca-front50/21	orca	front50	PUT	/pipelines/{}	50	1.30.0	1.38.0	xxxxxxxxxxxxxxxxxxxxxxxxxxxxxxxxxxxxxxxxxxxxxxxxxx	/pipelines/{id} @1.30.0..1.38.0	exact	oooooooooooooooooooooooooooooooooooooooooooooooooo	
orca-front50/22	orca	front50	GET	/pipelines/{}/get	50	1.30.0	1.38.0	xxxxxxxxxxxxxxxxxxxxxxxxxxxxxxxxxxxxxxxxxxxxxxxxxx	/pipelines/{id}/get @1.30.0..1.38.0	exact	tttttttttttttttttttttttttttttttttttttttttttttttttt	
orca-front50/23	orca	front50	DELETE	/pipelines/{}/{}	50	1.30.0	1.38.0	xxxxxxxxxxxxxxxxxxxxxxxxxxxxxxxxxxxxxxxxxxxxxxxxxx	/pipelines/{application}/{pipeline} @1.30.0..1.38.0	exact	oooooooooooooooooooooooooooooooooooooooooooooooooo	
orca-front50/24	orca	front50	POST	/pluginInfo	50	1.30.0	1.38.0	xxxxxxxxxxxxxxxxxxxxxxxxxxxxxxxxxxxxxxxxxxxxxxxxxx	/pluginInfo @1.30.0..1.38.0	exact	tttttttttttttttttttttttttttttttttttttttttttttttttt	
orca-front50/25	orca	front50	DELETE	/pluginInfo/{}	50	1.30.0	1.38.0	xxxxxxxxxxxxxxxxxxxxxxxxxxxxxxxxxxxxxxxxxxxxxxxxxx	/pluginInfo/{id} @1.30.0..1.38.0	exact	oooooooooooooooooooooooooooooooooooooooooooooooooo	
orca-front50/26	orca	front50	GET	/pluginInfo/{}	50	1.30.0	1.38.0	xxxxxxxxxxxxxxxxxxxxxxxxxxxxxxxxxxxxxxxxxxxxxxxxxx	/pluginInfo/{id} @1.30.0..1.38.0	exact	tttttttttttttttttttttttttttttttttttttttttttttttttt	
orca-front50/27	orca	front50	PUT	/pluginInfo/{}/releases/{}	50	1.30.0	1.38.0	xxxxxxxxxxxxxxxxxxxxxxxxxxxxxxxxxxxxxxxxxxxxxxxxxx	/pluginInfo/{id}/releases/{releaseVersion} @1.30.0..1.38.0	exact	oooooooooooooooooooooooooooooooooooooooooooooooooo	
orca-front50/28	orca	front50	POST	/serviceAccounts	50	1.30.0	1.38.0	xxxxxxxxxxxxxxxxxxxxxxxxxxxxxxxxxxxxxxxxxxxxxxxxxx	/serviceAccounts @1.30.0..1.38.0	exact	oooooooooooooooooooooooooooooooooooooooooooooooooo	
orca-front50/29	orca	front50	GET	/strategies	50	1.30.0	1.38.0	xxxxxxxxxxxxxxxxxxxxxxxxxxxxxxxxxxxxxxxxxxxxxxxxxx	/strategies @1.30.0..1.38.0	exact	tttttttttttttttttttttttttttttttttttttttttttttttttt	
orca-front50/30	orca	front50	GET	/strategies/{}	50	1.30.0	1.38.0	xxxxxxxxxxxxxxxxxxxxxxxxxxxxxxxxxxxxxxxxxxxxxxxxxx	/strategies/{application} @1.30.0..1.38.0	exact	tttttttttttttttttttttttttttttttttttttttttttttttttt	
orca-front50/31	orca	front50	GET	/v2/applications	50	1.30.0	1.38.0	xxxxxxxxxxxxxxxxxxxxxxxxxxxxxxxxxxxxxxxxxxxxxxxxxx	/v2/applications @1.30.0..1.38.0	exact	tttttttttttttttttttttttttttttttttttttttttttttttttt	
orca-front50/32	orca	front50	POST	/v2/applications	50	1.30.0	1.38.0	xxxxxxxxxxxxxxxxxxxxxxxxxxxxxxxxxxxxxxxxxxxxxxxxxx	/v2/applications @1.30.0..1.38.0	exact	oooooooooooooooooooooooooooooooooooooooooooooooooo	
orca-front50/33	orca	front50	DELETE	/v2/applications/{}	50	1.30.0	1.38.0	xxxxxxxxxxxxxxxxxxxxxxxxxxxxxxxxxxxxxxxxxxxxxxxxxx	/v2/applications/{applicationName} @1.30.0..1.38.0	exact	oooooooooooooooooooooooooooooooooooooooooooooooooo	
orca-front50/34	orca	front50	GET	/v2/applications/{}	50	1.30.0	1.38.0	xxxxxxxxxxxxxxxxxxxxxxxxxxxxxxxxxxxxxxxxxxxxxxxxxx	/v2/applications/{applicationName} @1.30.0..1.38.0	exact	tttttttttttttttttttttttttttttttttttttttttttttttttt	
orca-front50/35	orca	front50	PATCH	/v2/applications/{}	50	1.30.0	1.38.0	xxxxxxxxxxxxxxxxxxxxxxxxxxxxxxxxxxxxxxxxxxxxxxxxxx	/v2/applications/{applicationName} @1.30.0..1.38.0	exact	oooooooooooooooooooooooooooooooooooooooooooooooooo	
orca-front50/36	orca	front50	POST	/v2/pipelineTemplates	50	1.30.0	1.38.0	xxxxxxxxxxxxxxxxxxxxxxxxxxxxxxxxxxxxxxxxxxxxxxxxxx	/v2/pipelineTemplates @1.30.0..1.38.0	exact	oooooooooooooooooooooooooooooooooooooooooooooooooo	
orca-front50/37	orca	front50	DELETE	/v2/pipelineTemplates/{}	50	1.30.0	1.38.0	xxxxxxxxxxxxxxxxxxxxxxxxxxxxxxxxxxxxxxxxxxxxxxxxxx	/v2/pipelineTemplates/{id} @1.30.0..1.38.0	exact	oooooooooooooooooooooooooooooooooooooooooooooooooo	
orca-front50/38	orca	front50	PUT	/v2/pipelineTemplates/{}	50	1.30.0	1.38.0	xxxxxxxxxxxxxxxxxxxxxxxxxxxxxxxxxxxxxxxxxxxxxxxxxx	/v2/pipelineTemplates/{id} @1.30.0..1.38.0	exact	oooooooooooooooooooooooooooooooooooooooooooooooooo	
orca-front50/39	orca	front50	GET	/v2/pipelineTemplates/{}/dependentPipelines	50	1.30.0	1.38.0	xxxxxxxxxxxxxxxxxxxxxxxxxxxxxxxxxxxxxxxxxxxxxxxxxx	/v2/pipelineTemplates/{id}/dependentPipelines @1.30.0..1.38.0	exact	tttttttttttttttttttttttttttttttttttttttttttttttttt	
orca-front50/40	orca	front50	POST	/v2/projects	50	1.30.0	1.38.0	xxxxxxxxxxxxxxxxxxxxxxxxxxxxxxxxxxxxxxxxxxxxxxxxxx	/v2/projects @1.30.0..1.38.0	exact	tttttttttttttttttttttttttttttttttttttttttttttttttt	
orca-front50/41	orca	front50	DELETE	/v2/projects/{}	50	1.30.0	1.38.0	xxxxxxxxxxxxxxxxxxxxxxxxxxxxxxxxxxxxxxxxxxxxxxxxxx	/v2/projects/{projectId} @1.30.0..1.38.0	exact	oooooooooooooooooooooooooooooooooooooooooooooooooo	
orca-front50/42	orca	front50	GET	/v2/projects/{}	50	1.30.0	1.38.0	xxxxxxxxxxxxxxxxxxxxxxxxxxxxxxxxxxxxxxxxxxxxxxxxxx	/v2/projects/{projectId} @1.30.0..1.38.0	exact	tttttttttttttttttttttttttttttttttttttttttttttttttt	
orca-front50/43	orca	front50	PUT	/v2/projects/{}	50	1.30.0	1.38.0	xxxxxxxxxxxxxxxxxxxxxxxxxxxxxxxxxxxxxxxxxxxxxxxxxx	/v2/projects/{projectId} @1.30.0..1.38.0	exact	tttttttttttttttttttttttttttttttttttttttttttttttttt	
orca-igor/1	orca	igor	GET	/bitbucket/{}/{}/compareCommits	50	1.30.0	1.38.0	xxxxxxxxxxxxxxxxxxxxxxxxxxxxxxxxxxxxxxxxxxxxxxxxxx	/bitbucket/{projectKey}/{repositorySlug}/compareCommits @1.30.0..1.38.0	dispatch	tttttttttttttttttttttttttttttttttttttttttttttttttt	
orca-igor/2	orca	igor	GET	/builds/artifacts/{}/{}	34	1.32.4	1.38.0	...............x.xxxxxxxxxxxxxxxxxxxxxxxxxxxxxxxxx	/builds/artifacts/{buildNumber}/{master} @1.32.4..1.38.0	exact	...............t.ttttttttttttttttttttttttttttttttt	
orca-igor/3	orca	igor	GET	/builds/artifacts/{}/{}/**	50	1.30.0	1.38.0	xxxxxxxxxxxxxxxxxxxxxxxxxxxxxxxxxxxxxxxxxxxxxxxxxx	/builds/artifacts/{buildNumber}/{master}/** @1.30.0..1.38.0	template	tttttttttttttttttttttttttttttttttttttttttttttttttt	
orca-igor/4	orca	igor	GET	/builds/properties/{}/{}/{}	34	1.32.4	1.38.0	...............x.xxxxxxxxxxxxxxxxxxxxxxxxxxxxxxxxx	/builds/properties/{buildNumber}/{fileName}/{master} @1.32.4..1.38.0	exact	...............t.ttttttttttttttttttttttttttttttttt	
orca-igor/5	orca	igor	GET	/builds/properties/{}/{}/{}/**	50	1.30.0	1.38.0	xxxxxxxxxxxxxxxxxxxxxxxxxxxxxxxxxxxxxxxxxxxxxxxxxx	/builds/properties/{buildNumber}/{fileName}/{master}/** @1.30.0..1.38.0	template	tttttttttttttttttttttttttttttttttttttttttttttttttt	
orca-igor/6	orca	igor	GET	/builds/queue/{}/{}	50	1.30.0	1.38.0	xxxxxxxxxxxxxxxxxxxxxxxxxxxxxxxxxxxxxxxxxxxxxxxxxx	/builds/queue/{master}/{item} @1.30.0..1.38.0	exact	tttttttttttttttttttttttttttttttttttttttttttttttttt	
orca-igor/7	orca	igor	GET	/builds/status/{}/{}	34	1.32.4	1.38.0	...............x.xxxxxxxxxxxxxxxxxxxxxxxxxxxxxxxxx	/builds/status/{buildNumber}/{master} @1.32.4..1.38.0	exact	...............t.ttttttttttttttttttttttttttttttttt	
orca-igor/8	orca	igor	GET	/builds/status/{}/{}/**	50	1.30.0	1.38.0	xxxxxxxxxxxxxxxxxxxxxxxxxxxxxxxxxxxxxxxxxxxxxxxxxx	/builds/status/{buildNumber}/{master}/** @1.30.0..1.38.0	template	tttttttttttttttttttttttttttttttttttttttttttttttttt	
orca-igor/9	orca	igor	GET	/codebuild/builds/artifacts/{}/{}	50	1.30.0	1.38.0	xxxxxxxxxxxxxxxxxxxxxxxxxxxxxxxxxxxxxxxxxxxxxxxxxx	/codebuild/builds/artifacts/{account}/{buildId} @1.30.0..1.38.0	exact	tttttttttttttttttttttttttttttttttttttttttttttttttt	
orca-igor/10	orca	igor	POST	/codebuild/builds/start/{}	50	1.30.0	1.38.0	xxxxxxxxxxxxxxxxxxxxxxxxxxxxxxxxxxxxxxxxxxxxxxxxxx	/codebuild/builds/start/{account} @1.30.0..1.38.0	exact	tttttttttttttttttttttttttttttttttttttttttttttttttt	
orca-igor/11	orca	igor	POST	/codebuild/builds/stop/{}/{}	50	1.30.0	1.38.0	xxxxxxxxxxxxxxxxxxxxxxxxxxxxxxxxxxxxxxxxxxxxxxxxxx	/codebuild/builds/stop/{account}/{buildId} @1.30.0..1.38.0	exact	tttttttttttttttttttttttttttttttttttttttttttttttttt	
orca-igor/12	orca	igor	GET	/codebuild/builds/{}/{}	50	1.30.0	1.38.0	xxxxxxxxxxxxxxxxxxxxxxxxxxxxxxxxxxxxxxxxxxxxxxxxxx	/codebuild/builds/{account}/{buildId} @1.30.0..1.38.0	exact	tttttttttttttttttttttttttttttttttttttttttttttttttt	
orca-igor/13	orca	igor	GET	/delivery-config/manifest	50	1.30.0	1.38.0	xxxxxxxxxxxxxxxxxxxxxxxxxxxxxxxxxxxxxxxxxxxxxxxxxx	/delivery-config/manifest @1.30.0..1.38.0	exact	tttttttttttttttttttttttttttttttttttttttttttttttttt	
orca-igor/14	orca	igor	POST	/gcb/builds/create/{}	50	1.30.0	1.38.0	xxxxxxxxxxxxxxxxxxxxxxxxxxxxxxxxxxxxxxxxxxxxxxxxxx	/gcb/builds/create/{account} @1.30.0..1.38.0	exact	tttttttttttttttttttttttttttttttttttttttttttttttttt	
orca-igor/15	orca	igor	POST	/gcb/builds/stop/{}/{}	13	1.37.0	1.38.0	.....................................xxxxxxxxxxxxx	/gcb/builds/stop/{account}/{buildId} @1.37.0..1.38.0	exact	.....................................ttttttttttttt	
orca-igor/16	orca	igor	GET	/gcb/builds/{}/{}	50	1.30.0	1.38.0	xxxxxxxxxxxxxxxxxxxxxxxxxxxxxxxxxxxxxxxxxxxxxxxxxx	/gcb/builds/{account}/{buildId} @1.30.0..1.38.0	exact	tttttttttttttttttttttttttttttttttttttttttttttttttt	
orca-igor/17	orca	igor	GET	/gcb/builds/{}/{}/artifacts	50	1.30.0	1.38.0	xxxxxxxxxxxxxxxxxxxxxxxxxxxxxxxxxxxxxxxxxxxxxxxxxx	/gcb/builds/{account}/{buildId}/artifacts @1.30.0..1.38.0	exact	tttttttttttttttttttttttttttttttttttttttttttttttttt	
orca-igor/18	orca	igor	POST	/gcb/triggers/{}/{}/run	50	1.30.0	1.38.0	xxxxxxxxxxxxxxxxxxxxxxxxxxxxxxxxxxxxxxxxxxxxxxxxxx	/gcb/triggers/{account}/{triggerId}/run @1.30.0..1.38.0	exact	tttttttttttttttttttttttttttttttttttttttttttttttttt	
orca-igor/19	orca	igor	GET	/github/{}/{}/compareCommits	50	1.30.0	1.38.0	xxxxxxxxxxxxxxxxxxxxxxxxxxxxxxxxxxxxxxxxxxxxxxxxxx	/github/{projectKey}/{repositorySlug}/compareCommits @1.30.0..1.38.0	dispatch	tttttttttttttttttttttttttttttttttttttttttttttttttt	
orca-igor/20	orca	igor	GET	/gitlab/{}/{}/compareCommits	50	1.30.0	1.38.0	xxxxxxxxxxxxxxxxxxxxxxxxxxxxxxxxxxxxxxxxxxxxxxxxxx	/gitlab/{projectKey}/{repositorySlug}/compareCommits @1.30.0..1.38.0	dispatch	tttttttttttttttttttttttttttttttttttttttttttttttttt	
orca-igor/21	orca	igor	PUT	/masters/{}/jobs/**	50	1.30.0	1.38.0	xxxxxxxxxxxxxxxxxxxxxxxxxxxxxxxxxxxxxxxxxxxxxxxxxx	/masters/{name}/jobs/** @1.30.0..1.38.0	template	oooooooooooooooooooooooooooooooooooooooooooooooooo	
orca-igor/22	orca	igor	PATCH	/masters/{}/jobs/**/update/{}	50	1.30.0	1.38.0	xxxxxxxxxxxxxxxxxxxxxxxxxxxxxxxxxxxxxxxxxxxxxxxxxx	/masters/{name}/jobs/**/update/{buildNumber} @1.30.0..1.38.0	template	oooooooooooooooooooooooooooooooooooooooooooooooooo	
orca-igor/23	orca	igor	PUT	/masters/{}/jobs/stop/{}/{}	50	1.30.0	1.38.0	xxxxxxxxxxxxxxxxxxxxxxxxxxxxxxxxxxxxxxxxxxxxxxxxxx	/masters/{master}/jobs/stop/{queuedBuild}/{buildNumber} @1.30.0..1.38.0	exact	tttttttttttttttttttttttttttttttttttttttttttttttttt	
orca-igor/24	orca	igor	PUT	/masters/{}/jobs/{}/stop/{}/{}	50	1.30.0	1.38.0	xxxxxxxxxxxxxxxxxxxxxxxxxxxxxxxxxxxxxxxxxxxxxxxxxx	/masters/{name}/jobs/{jobName}/stop/{queuedBuild}/{buildNumber} @1.30.0..1.38.0	exact	tttttttttttttttttttttttttttttttttttttttttttttttttt	
orca-igor/25	orca	igor	GET	/stash/{}/{}/compareCommits	50	1.30.0	1.38.0	xxxxxxxxxxxxxxxxxxxxxxxxxxxxxxxxxxxxxxxxxxxxxxxxxx	/stash/{projectKey}/{repositorySlug}/compareCommits @1.30.0..1.38.0	dispatch	tttttttttttttttttttttttttttttttttttttttttttttttttt	
orca-kayenta/1	orca	kayenta	GET	/canary/{}	50	1.30.0	1.38.0	xxxxxxxxxxxxxxxxxxxxxxxxxxxxxxxxxxxxxxxxxxxxxxxxxx	/canary/{canaryExecutionId} @1.30.0..1.38.0	exact	tttttttttttttttttttttttttttttttttttttttttttttttttt	
orca-kayenta/2	orca	kayenta	POST	/canary/{}	50	1.30.0	1.38.0	xxxxxxxxxxxxxxxxxxxxxxxxxxxxxxxxxxxxxxxxxxxxxxxxxx	/canary/{canaryConfigId} @1.30.0..1.38.0	exact	tttttttttttttttttttttttttttttttttttttttttttttttttt	
orca-kayenta/3	orca	kayenta	GET	/canaryConfig	50	1.30.0	1.38.0	xxxxxxxxxxxxxxxxxxxxxxxxxxxxxxxxxxxxxxxxxxxxxxxxxx	/canaryConfig @1.30.0..1.38.0	exact	tttttttttttttttttttttttttttttttttttttttttttttttttt	
orca-kayenta/4	orca	kayenta	GET	/credentials	50	1.30.0	1.38.0	xxxxxxxxxxxxxxxxxxxxxxxxxxxxxxxxxxxxxxxxxxxxxxxxxx	/credentials @1.30.0..1.38.0	exact	tttttttttttttttttttttttttttttttttttttttttttttttttt	
orca-kayenta/5	orca	kayenta	PUT	/pipelines/{}/cancel	50	1.30.0	1.38.0	xxxxxxxxxxxxxxxxxxxxxxxxxxxxxxxxxxxxxxxxxxxxxxxxxx	/pipelines/{executionId}/cancel @1.30.0..1.38.0	exact	tttttttttttttttttttttttttttttttttttttttttttttttttt	
orca-rosco/1	orca	rosco	POST	/api/v1/bakes/delete-requests	50	1.30.0	1.38.0	xxxxxxxxxxxxxxxxxxxxxxxxxxxxxxxxxxxxxxxxxxxxxxxxxx	/api/v1/bakes/delete-requests @1.30.0..1.38.0	exact	oooooooooooooooooooooooooooooooooooooooooooooooooo	
orca-rosco/2	orca	rosco	POST	/api/v1/{}/bake	50	1.30.0	1.38.0	xxxxxxxxxxxxxxxxxxxxxxxxxxxxxxxxxxxxxxxxxxxxxxxxxx	/api/v1/{region}/bake @1.30.0..1.38.0	exact	tttttttttttttttttttttttttttttttttttttttttttttttttt	
orca-rosco/3	orca	rosco	GET	/api/v1/{}/bake/{}	50	1.30.0	1.38.0	xxxxxxxxxxxxxxxxxxxxxxxxxxxxxxxxxxxxxxxxxxxxxxxxxx	/api/v1/{region}/bake/{bakeId} @1.30.0..1.38.0	exact	tttttttttttttttttttttttttttttttttttttttttttttttttt	
orca-rosco/4	orca	rosco	GET	/api/v1/{}/status/{}	50	1.30.0	1.38.0	xxxxxxxxxxxxxxxxxxxxxxxxxxxxxxxxxxxxxxxxxxxxxxxxxx	/api/v1/{region}/status/{statusId} @1.30.0..1.38.0	exact	tttttttttttttttttttttttttttttttttttttttttttttttttt	
orca-rosco/5	orca	rosco	POST	/api/v2/manifest/bake/{}	50	1.30.0	1.38.0	xxxxxxxxxxxxxxxxxxxxxxxxxxxxxxxxxxxxxxxxxxxxxxxxxx	/api/v2/manifest/bake/{type} @1.30.0..1.38.0	exact	tttttttttttttttttttttttttttttttttttttttttttttttttt	
orca-rosco/6	orca	rosco	GET	/bakeOptions/{}/baseImages/{}	50	1.30.0	1.38.0	xxxxxxxxxxxxxxxxxxxxxxxxxxxxxxxxxxxxxxxxxxxxxxxxxx	/bakeOptions/{cloudProvider}/baseImages/{imageId} @1.30.0..1.38.0	exact	tttttttttttttttttttttttttttttttttttttttttttttttttt	
rosco-clouddriver/1	rosco	clouddriver	PUT	/artifacts/fetch	50	1.30.0	1.38.0	xxxxxxxxxxxxxxxxxxxxxxxxxxxxxxxxxxxxxxxxxxxxxxxxxx	/artifacts/fetch @1.30.0..1.38.0	exact	oooooooooooooooooooooooooooooooooooooooooooooooooo	
rosco-clouddriver/2	rosco	clouddriver	GET	/aws/images/find	50	1.30.0	1.38.0	xxxxxxxxxxxxxxxxxxxxxxxxxxxxxxxxxxxxxxxxxxxxxxxxxx	/aws/images/find @1.30.0..1.38.0	exact	tttttttttttttttttttttttttttttttttttttttttttttttttt	
