release	release_date	changelog_url	claim
1.25.8	2021-12-15	https://spinnaker.io/changelogs/1.25.8-changelog/	CLAIM-S4-002
1.26.7	2021-12-15	https://spinnaker.io/changelogs/1.26.7-changelog/	CLAIM-S4-002
1.27.0	2022-05-02	https://spinnaker.io/changelogs/1.27.0-changelog/	CLAIM-S4-002
1.27.1	2022-08-18	https://spinnaker.io/changelogs/1.27.1-changelog/	CLAIM-S4-002
1.28.0	2022-08-21	https://spinnaker.io/changelogs/1.28.0-changelog/	CLAIM-S4-002
1.28.1	2022-08-23	https://spinnaker.io/changelogs/1.28.1-changelog/	CLAIM-S4-002
1.29.0	2022-10-04	https://spinnaker.io/changelogs/1.29.0-changelog/	CLAIM-S4-002
1.27.2	2022-12-02	https://spinnaker.io/changelogs/1.27.2-changelog/	CLAIM-S4-002
1.28.2	2022-12-06	https://spinnaker.io/changelogs/1.28.2-changelog/	CLAIM-S4-002
1.28.3	2022-12-06	https://spinnaker.io/changelogs/1.28.3-changelog/	CLAIM-S4-002
1.29.1	2022-12-06	https://spinnaker.io/changelogs/1.29.1-changelog/	CLAIM-S4-002
1.27.3	2022-12-08	https://spinnaker.io/changelogs/1.27.3-changelog/	CLAIM-S4-002
1.28.4	2022-12-08	https://spinnaker.io/changelogs/1.28.4-changelog/	CLAIM-S4-002
1.29.2	2022-12-09	https://spinnaker.io/changelogs/1.29.2-changelog/	CLAIM-S4-002
1.27.4	2023-03-01	https://spinnaker.io/changelogs/1.27.4-changelog/	CLAIM-S4-002
1.28.5	2023-03-03	https://spinnaker.io/changelogs/1.28.5-changelog/	CLAIM-S4-002
1.29.3	2023-03-07	https://spinnaker.io/changelogs/1.29.3-changelog/	CLAIM-S4-002
1.27.5	2023-03-27	https://spinnaker.io/changelogs/1.27.5-changelog/	CLAIM-S4-002
1.28.6	2023-03-28	https://spinnaker.io/changelogs/1.28.6-changelog/	CLAIM-S4-002
1.29.4	2023-03-28	https://spinnaker.io/changelogs/1.29.4-changelog/	CLAIM-S4-002
1.30.0	2023-03-28	https://spinnaker.io/changelogs/1.30.0-changelog/	CLAIM-S4-002
1.30.1	2023-04-07	https://spinnaker.io/changelogs/1.30.1-changelog/	CLAIM-S4-002
1.27.6	2023-06-01	https://spinnaker.io/changelogs/1.27.6-changelog/	CLAIM-S4-002
1.28.7	2023-06-01	https://spinnaker.io/changelogs/1.28.7-changelog/	CLAIM-S4-002
1.29.5	2023-06-01	https://spinnaker.io/changelogs/1.29.5-changelog/	CLAIM-S4-002
1.30.2	2023-06-01	https://spinnaker.io/changelogs/1.30.2-changelog/	CLAIM-S4-002
1.31.0	2023-06-21	https://spinnaker.io/changelogs/1.31.0-changelog/	CLAIM-S4-002
1.29.6	2023-08-18	https://spinnaker.io/changelogs/1.29.6-changelog/	CLAIM-S4-002
1.30.3	2023-08-18	https://spinnaker.io/changelogs/1.30.3-changelog/	CLAIM-S4-002
1.31.1	2023-08-29	https://spinnaker.io/changelogs/1.31.1-changelog/	CLAIM-S4-002
1.29.7	2023-09-08	https://spinnaker.io/changelogs/1.29.7-changelog/	CLAIM-S4-002
1.30.4	2023-09-08	https://spinnaker.io/changelogs/1.30.4-changelog/	CLAIM-S4-002
1.31.2	2023-09-08	https://spinnaker.io/changelogs/1.31.2-changelog/	CLAIM-S4-002
1.32.0	2023-09-08	https://spinnaker.io/changelogs/1.32.0-changelog/	CLAIM-S4-002
1.32.1	2023-09-18	https://spinnaker.io/changelogs/1.32.1-changelog/	CLAIM-S4-002
1.32.2	2023-09-20	https://spinnaker.io/changelogs/1.32.2-changelog/	CLAIM-S4-002
1.30.5	2023-11-28	https://spinnaker.io/changelogs/1.30.5-changelog/	CLAIM-S4-002
1.31.3	2023-11-28	https://spinnaker.io/changelogs/1.31.3-changelog/	CLAIM-S4-002
1.32.3	2023-11-28	https://spinnaker.io/changelogs/1.32.3-changelog/	CLAIM-S4-002
1.30.6	2023-12-07	https://spinnaker.io/changelogs/1.30.6-changelog/	CLAIM-S4-002
1.33.0	2024-01-05	https://spinnaker.io/changelogs/1.33.0-changelog/	CLAIM-S4-002
1.28.8	2024-02-02	https://spinnaker.io/changelogs/1.28.8-changelog/	CLAIM-S4-002
1.32.4	2024-03-08	https://spinnaker.io/changelogs/1.32.4-changelog/	CLAIM-S4-002
1.34.0	2024-04-17	https://spinnaker.io/changelogs/1.34.0-changelog/	CLAIM-S4-002
1.33.1	2024-04-18	https://spinnaker.io/changelogs/1.33.1-changelog/	CLAIM-S4-002
1.34.1	2024-04-18	https://spinnaker.io/changelogs/1.34.1-changelog/	CLAIM-S4-002
1.33.2	2024-04-22	https://spinnaker.io/changelogs/1.33.2-changelog/	CLAIM-S4-002
1.34.2	2024-04-22	https://spinnaker.io/changelogs/1.34.2-changelog/	CLAIM-S4-002
1.28.9	2024-05-08	https://spinnaker.io/changelogs/1.28.9-changelog/	CLAIM-S4-002
1.33.3	2024-06-14	https://spinnaker.io/changelogs/1.33.3-changelog/	CLAIM-S4-002
1.34.3	2024-06-15	https://spinnaker.io/changelogs/1.34.3-changelog/	CLAIM-S4-002
1.28.10	2024-08-09	https://spinnaker.io/changelogs/1.28.10-changelog/	CLAIM-S4-002
1.35.0	2024-08-16	https://spinnaker.io/changelogs/1.35.0-changelog/	CLAIM-S4-002
1.34.4	2024-08-18	https://spinnaker.io/changelogs/1.34.4-changelog/	CLAIM-S4-002
1.35.1	2024-08-19	https://spinnaker.io/changelogs/1.35.1-changelog/	CLAIM-S4-002
1.35.2	2024-08-20	https://spinnaker.io/changelogs/1.35.2-changelog/	CLAIM-S4-002
1.34.5	2024-08-23	https://spinnaker.io/changelogs/1.34.5-changelog/	CLAIM-S4-002
1.35.3	2024-08-23	https://spinnaker.io/changelogs/1.35.3-changelog/	CLAIM-S4-002
1.35.4	2024-08-27	https://spinnaker.io/changelogs/1.35.4-changelog/	CLAIM-S4-002
1.36.0	2024-11-20	https://spinnaker.io/changelogs/1.36.0-changelog/	CLAIM-S4-002
1.35.5	2025-01-22	https://spinnaker.io/changelogs/1.35.5-changelog/	CLAIM-S4-002
1.36.1	2025-01-22	https://spinnaker.io/changelogs/1.36.1-changelog/	CLAIM-S4-002
1.34.6	2025-01-23	https://spinnaker.io/changelogs/1.34.6-changelog/	CLAIM-S4-002
1.37.0	2025-02-24	https://spinnaker.io/changelogs/1.37.0-changelog/	CLAIM-S4-002
1.37.1	2025-02-28	https://spinnaker.io/changelogs/1.37.1-changelog/	CLAIM-S4-002
1.37.2	2025-03-01	https://spinnaker.io/changelogs/1.37.2-changelog/	CLAIM-S4-002
1.37.3	2025-03-04	https://spinnaker.io/changelogs/1.37.3-changelog/	CLAIM-S4-002
1.37.4	2025-03-05	https://spinnaker.io/changelogs/1.37.4-changelog/	CLAIM-S4-002
1.37.5	2025-03-07	https://spinnaker.io/changelogs/1.37.5-changelog/	CLAIM-S4-002
1.37.6	2025-03-12	https://spinnaker.io/changelogs/1.37.6-changelog/	CLAIM-S4-002
1.37.7	2025-03-18	https://spinnaker.io/changelogs/1.37.7-changelog/	CLAIM-S4-002
1.37.8	2025-03-23	https://spinnaker.io/changelogs/1.37.8-changelog/	CLAIM-S4-002
1.37.9	2025-04-09	https://spinnaker.io/changelogs/1.37.9-changelog/	CLAIM-S4-002
1.37.10	2025-04-14	https://spinnaker.io/changelogs/1.37.10-changelog/	CLAIM-S4-002
1.38.0	2025-04-18	https://spinnaker.io/changelogs/1.38.0-changelog/	CLAIM-S4-002
2025.0.0	2025-04-19	https://spinnaker.io/changelogs/2025.0.0-changelog/	CLAIM-S4-002
1.37.11	2025-05-12	https://spinnaker.io/changelogs/1.37.11-changelog/	CLAIM-S4-002
2025.0.1	2025-05-12	https://spinnaker.io/changelogs/2025.0.1-changelog/	CLAIM-S4-002
2025.0.2	2025-05-17	https://spinnaker.io/changelogs/2025.0.2-changelog/	CLAIM-S4-002
1.36.2	2025-05-22	https://spinnaker.io/changelogs/1.36.2-changelog/	CLAIM-S4-002
2025.0.3	2025-05-24	https://spinnaker.io/changelogs/2025.0.3-changelog/	CLAIM-S4-002
2025.0.4	2025-06-16	https://spinnaker.io/changelogs/2025.0.4-changelog/	CLAIM-S4-002
2025.0.5	2025-07-15	https://spinnaker.io/changelogs/2025.0.5-changelog/	CLAIM-S4-002
2025.0.6	2025-07-24	https://spinnaker.io/changelogs/2025.0.6-changelog/	CLAIM-S4-002
1.36.3	2025-08-15	https://spinnaker.io/changelogs/1.36.3-changelog/	CLAIM-S4-002
2025.1.0	2025-08-19	https://spinnaker.io/changelogs/2025.1.0-changelog/	CLAIM-S4-002
2025.1.1	2025-08-19	https://spinnaker.io/changelogs/2025.1.1-changelog/	CLAIM-S4-002
2025.0.7	2025-08-21	https://spinnaker.io/changelogs/2025.0.7-changelog/	CLAIM-S4-002
2025.1.2	2025-08-21	https://spinnaker.io/changelogs/2025.1.2-changelog/	CLAIM-S4-002
2025.0.8	2025-08-22	https://spinnaker.io/changelogs/2025.0.8-changelog/	CLAIM-S4-002
2025.1.3	2025-09-02	https://spinnaker.io/changelogs/2025.1.3-changelog/	CLAIM-S4-002
2025.1.4	2025-09-03	https://spinnaker.io/changelogs/2025.1.4-changelog/	CLAIM-S4-002
2025.2.0	2025-09-11	https://spinnaker.io/changelogs/2025.2.0-changelog/	CLAIM-S4-002
2025.2.1	2025-09-22	https://spinnaker.io/changelogs/2025.2.1-changelog/	CLAIM-S4-002
2025.2.2	2025-09-24	https://spinnaker.io/changelogs/2025.2.2-changelog/	CLAIM-S4-002
2025.1.5	2025-10-13	https://spinnaker.io/changelogs/2025.1.5-changelog/	CLAIM-S4-002
2025.1.6	2025-11-07	https://spinnaker.io/changelogs/2025.1.6-changelog/	CLAIM-S4-002
2025.2.3	2025-11-07	https://spinnaker.io/changelogs/2025.2.3-changelog/	CLAIM-S4-002
2025.3.0	2025-11-08	https://spinnaker.io/changelogs/2025.3.0-changelog/	CLAIM-S4-002
2025.4.0	2025-12-01	https://spinnaker.io/changelogs/2025.4.0-changelog/	CLAIM-S4-002
2025.4.1	2026-02-03	https://spinnaker.io/changelogs/2025.4.1-changelog/	CLAIM-S4-002
2025.2.4	2026-02-14	https://spinnaker.io/changelogs/2025.2.4-changelog/	CLAIM-S4-002
2025.3.1	2026-02-14	https://spinnaker.io/changelogs/2025.3.1-changelog/	CLAIM-S4-002
2026.0.0	2026-02-19	https://spinnaker.io/changelogs/2026.0.0-changelog/	CLAIM-S4-002
2025.3.2	2026-03-19	https://spinnaker.io/changelogs/2025.3.2-changelog/	CLAIM-S4-002
2025.4.2	2026-03-20	https://spinnaker.io/changelogs/2025.4.2-changelog/	CLAIM-S4-002
2026.0.1	2026-03-20	https://spinnaker.io/changelogs/2026.0.1-changelog/	CLAIM-S4-002
2025.3.3	2026-04-07	https://spinnaker.io/changelogs/2025.3.3-changelog/	CLAIM-S4-002
2025.4.3	2026-04-07	https://spinnaker.io/changelogs/2025.4.3-changelog/	CLAIM-S4-002
2026.0.2	2026-04-07	https://spinnaker.io/changelogs/2026.0.2-changelog/	CLAIM-S4-002
2026.1.0	2026-05-09	https://spinnaker.io/changelogs/2026.1.0-changelog/	CLAIM-S4-002
2025.4.4	2026-06-12	https://spinnaker.io/changelogs/2025.4.4-changelog/	CLAIM-S4-002
2026.0.3	2026-06-12	https://spinnaker.io/changelogs/2026.0.3-changelog/	CLAIM-S4-002
2026.1.1	2026-06-12	https://spinnaker.io/changelogs/2026.1.1-changelog/	CLAIM-S4-002
2026.2.0	2026-07-01	https://spinnaker.io/changelogs/2026.2.0-changelog/	CLAIM-S4-002
2026.2.1	2026-07-06	https://spinnaker.io/changelogs/2026.2.1-changelog/	CLAIM-S4-002
2026.2.2	2026-07-13	https://spinnaker.io/changelogs/2026.2.2-changelog/	CLAIM-S4-002
2026.0.4	2026-07-30	https://spinnaker.io/changelogs/2026.0.4-changelog/	CLAIM-S4-002
2026.1.2	2026-07-30	https://spinnaker.io/changelogs/2026.1.2-changelog/	CLAIM-S4-002
2026.2.3	2026-07-30	https://spinnaker.io/changelogs/2026.2.3-changelog/	CLAIM-S4-002
2026.3.0	2026-09-07	https://spinnaker.io/changelogs/2026.3.0-changelog/	CLAIM-S4-002
